Time,Bit 0,Bit 1,Bit 2,Bit 3,Bit 4,Bit 5,Bit 6,Bit 7
1100,0.0016848632741063452,0.0004219440506121873,0.0013444029514520985,8.957843652033983e-05,0.00010021636228100484,0.00012813669248023133,0.0003846483761717254,9.100869087118605e-05
1101,0.001647613168247804,0.0009037558935190319,0.0005994295889263378,0.0005015202160731146,0.0004690777449710029,9.873740867730501e-05,0.00016097593546536917,0.0002145903242719407
1102,0.0012571459841922191,0.0009515586584976168,0.000575885035154642,0.0012735265709446237,0.0007072621580360352,0.00015964299827216907,0.00021094619524214195,0.00025079816235110385
1103,0.0009603743576261933,0.0010964269465034682,0.000837912579004216,0.0014816283489079202,0.0008517868435180887,0.0001879196522928736,2.2361181497880583e-05,0.00032852203235299006
1104,0.0007914482339411073,0.0005506083668924361,0.0005995363395485213,0.0010689142534947766,0.0015931117274051582,0.0008509499720415777,0.0005299922832202774,0.00016513152259517016
1105,0.027431060353335444,0.00023228553314878173,0.00040347271595202677,4.992983076042169e-06,1.2187527108666221e-05,0.00021359272960574328,6.210087319021946e-05,3.674955781207046e-05
1106,0.027176775054582505,0.0004937001707225079,0.0002985519741358877,0.0003306869473864159,7.692392163263933e-07,0.0006948973427554281,0.00022810156370612218,6.344872699103059e-06
1107,0.0184234122842503,0.0006814505679668256,0.0010659607493154445,0.0002623535563859266,0.0002442480582508358,0.00033589932785046186,0.00027921702150677396,0.0002333875424665234
1108,0.011949969865558484,9.030755335244458e-06,0.0002502320345551073,0.0001642125535790354,0.00042325728212413744,0.0010167797139349775,0.0002569599788978037,0.0006194510691873836
1109,0.0014385980374088377,4.293205068881045e-05,8.123615510369317e-05,0.0005677593916748423,0.00047908852449836837,0.0005559184158508158,0.001014332286902624,0.001437390583077019
1110,0.0010618090183905338,5.7151486067240584e-05,2.6341046032381575e-05,0.00046291817989939,0.00037760793787222554,0.0001940511860930864,0.0012087856921030192,0.0009995100016930189
1111,0.00103688919516996,0.00010949511108977424,0.0002130428732194205,0.00040079633101356256,0.0003986589131159256,0.00030064086382370676,0.0013894188680382655,0.0007178531748185819
1112,0.0005424796896298928,0.00013837345060712067,4.100563942276439e-05,0.0007054606042211752,0.00011788017574608353,8.696023042162779e-05,0.0007473177416621999,0.0003321320079413592
1113,0.0002190979769057411,0.00027969839204453143,3.611890482911203e-05,0.003921143151019838,0.008183253781510892,2.8355772020760087e-05,1.6729697623319168e-05,0.0012257663511821197
1114,0.0005946552132136474,0.0010625519403242968,5.976747873371311e-05,0.004888566003005431,0.008331968617712049,5.7727909455484816e-05,0.00013354014480211775,0.0010718922269863202
1115,0.000507702023197259,0.0006268247357397358,0.000136394027223194,0.003817468120076522,0.0056190919161470156,9.418847607589984e-05,0.00021065615807296854,0.0010998334631206138
1116,0.0006080300848749509,0.0010695668081768073,0.00018229752237104558,0.004135598190933512,0.005013888841897129,0.00031585626203180976,1.4441175958796807e-05,0.000761576453195223
1117,0.00010737855587674505,0.00016166925414682433,4.800440934430978e-05,0.000609081384348341,0.03488744530500858,0.000120013351365491,0.0001356662769444096,0.0011445771951854738
1118,0.0002122664804300289,0.0005218457802642735,6.62336829450431e-06,0.00047075737365379105,0.03823144304582616,0.0001295568383121822,6.342600828054376e-05,0.0009454895843614827
1119,3.977692910709787e-05,0.00022123246434003365,4.061322925954766e-06,0.0007315422412974071,0.027353127033388706,0.000740201310384281,0.000295614966866938,0.0008830565269641622
1120,0.00015724684859513182,0.0005227147721396637,6.116761175909391e-05,0.0002627627965852154,0.020461718233975586,0.0010597965271960598,7.346091767629856e-05,0.0011504206536548777
1121,4.066374961581597e-05,2.2876533576311687e-05,5.9204023151116614e-05,4.7763337079979065e-05,0.010728288426681417,0.0015615639974367612,0.0006095485577854189,0.0013530644385351105
1122,0.00017801065443444016,0.00034694200709565044,7.701918310207462e-05,0.00014546089200191892,0.0052017759022234145,0.0015963320744135775,0.0005311081027838131,0.0009003312664121669
1123,9.745378225604318e-05,5.062528782405278e-05,0.00010010336702188993,0.00011817466457933888,0.0015196639378361534,0.0040115784085733895,0.00018408342759566418,0.001507247563194217
1124,0.00013809705186208773,0.0005433945156887638,0.00016106841386643426,0.00020485019304442918,0.0006519353347479403,0.0017244333524799795,0.0006891049124210114,0.0006067648894957585
1125,5.629014730785875e-05,1.5428298911919724e-05,0.0025082925104163356,7.907515408754344e-05,0.00018881211548388386,0.002431773328932689,0.0002745009171597419,0.0006310800535560276
1126,0.0002932184867919344,6.066141524036603e-05,0.002111626722089114,0.00032389414950200943,0.000215821502823801,0.0017535706369310794,0.001945050496483756,0.0010333453227775442
1127,0.00026831137736055705,2.5887072353378485e-05,0.0019008128031747012,1.7380003084197607e-05,0.00033653122151696785,0.003194980956902973,0.0005278000492854566,0.001024281611136005
1128,0.0002383988786628647,3.025506186281389e-05,0.0005158886801908427,0.00033060001834151696,0.0010322224061155576,0.0014325445520007626,0.0011994287249526296,0.0011350641131639785
1129,0.00035962751588500307,0.0003190794602639283,8.2702289062956e-05,0.0004214264284887932,0.0004989188328524266,0.0010785314755528753,0.0002946847273064239,0.00046599948714769743
1130,0.00034998804840782763,0.0002062926398008427,2.528871225566955e-05,1.4555493838826891e-05,0.0008621802479105074,0.0018202476741214922,0.0010741611536133578,0.0010590046407864123
1131,0.00014546144852222516,0.00019076885130010779,0.00017379296292931339,0.0003120278357763882,0.001244531669111555,0.0019048122239415496,0.0003927059401267836,0.0008019485154397808
1132,0.0002862432955813668,1.2712215554426165e-05,0.00021448408535300448,0.0003537730211968184,0.0020729231377639833,0.0022344903001073686,0.00023538242692120983,0.00041947169195978183
1133,9.954913484603228e-05,0.00023114996395085123,0.00031776107338534956,0.0004942503958690141,0.001585063902315859,0.0011187239226021772,0.0005888670343175286,0.0010003071795598654
1134,0.000522105037277615,7.116424440118638e-05,0.00010073121206934549,0.0001637221236944531,0.0018366355543826362,0.0031823951431779783,0.0006488448987279273,0.0012398436612098321
1135,0.000228720659871078,0.00016793179818239742,0.0006288137832920421,1.788896433852164e-05,0.002237159582670743,0.0035060797043939642,0.0013272234815914852,0.0009832865866316568
1136,0.000228158720770922,0.0005542788405235476,2.3480817938399756e-05,0.0003409805219433784,0.0014615427402437577,0.003415392425403363,9.035067220737969e-05,0.0006420755384333951
1137,0.0003309204643917778,0.0004585266783538668,0.001141157605288754,0.00016974580446918342,0.0013053508529694547,0.0012510470831797978,0.0005899616834138316,0.0012773084018150357
1138,0.0001340475766812482,0.00010608379677550822,0.0006756717384646143,3.256984389375583e-05,0.001928264922022964,0.00346766032717926,0.00012306291447487826,0.001268731313836224
1139,0.0001806114860015783,9.719166370450623e-05,0.0011998775384646787,0.00024244860073455822,0.0016580542875164654,0.0023959292176033084,0.0009690576461287971,0.0006360931048370541
1140,0.000447436751264244,0.0002245355485440102,0.0004174357014348919,0.0006017270986823045,0.0006951578150657468,0.0019819843867625022,6.60248108399025e-05,0.00062155615746933
1141,0.0006083266495602895,0.00026786321276876807,8.117291767568355e-05,1.9588794687479694e-05,0.0008867240073266264,0.0015286420917629364,0.00047991180131448663,0.0010369984852699739
1142,0.0006158806584187019,2.0294691623143057e-05,0.00010754027429923002,0.00028989477906017343,0.0011984698497019847,0.0025289384936380073,0.00024936551814721386,0.0006856861684654196
1143,0.0005681028759032587,4.795764509368159e-05,0.00042170103446799044,0.0003142215564465944,0.0010562221569274837,0.0017374534588314957,0.0004888684360682804,0.0005595197017193072
1144,0.0007076228686820509,6.52494928277993e-05,0.0004768843374709888,0.0005751404878865781,0.0013142739535659334,0.002095496822916702,7.460044477242897e-05,0.00029758503912860347
1145,0.0007699436534135859,0.0001614198304610842,0.0009033089361130258,0.00043820897683240185,0.00040253736306322923,0.0013944538832704786,0.0008766880870082886,0.0016978450917760329
1146,0.0002118527569400687,0.00010192319038550258,0.00047467820499374526,0.0005391482114942307,0.0008660787812112168,0.0012043506089528535,0.0004700574375573163,0.0008935584302114065
1147,0.00020753399266189505,0.00015815990034753175,0.00016242344646088064,0.0007826364050234584,0.0012253102196462375,0.001348382246543182,0.0003381829349655117,0.0010372022381791813
1148,0.00038809664213191334,6.122732232033171e-05,7.427297382282348e-05,0.0006808019535133718,0.0010371126070089923,0.0008136248820250317,4.1668462088046404e-05,0.00012309869697479364
1149,9.662058248338706e-05,3.665586622233721e-06,0.0012666933350649876,0.0016464276089435668,0.0007816592280510173,0.0009128115633786139,0.0005524597133124013,0.09259074125475278
1150,3.219435620563753e-05,2.7109930328398995e-05,0.0011854173342564609,0.002291342882534807,0.0012523519623001585,0.0008095518510767773,0.0006265694518503392,0.08658052689050698
1151,7.618824642080246e-05,3.77948908369744e-05,0.0005187373337616951,0.0020625469633071343,0.000827105567178821,0.0017408065201367049,0.000217491252224598,0.07175951406320923
1152,0.00018421044279802207,2.8933618187903976e-05,0.00046338337930258814,0.00257566046254911,0.0016878193703495734,0.0012161338496317158,0.0006339962105507492,0.03683116763017482
1153,9.215165308881493e-05,2.8545829739325057e-05,0.001247187116057146,0.002758466085735233,0.0011616506453817196,0.0008265117786815529,0.0005302458783070759,0.09500878840137808
1154,0.00011080391564333066,2.975375101798813e-05,0.0014105434401641575,0.0032436719755653196,0.0014996470274588726,0.000701005304518534,0.0005927040903896074,0.09009628824550324
1155,5.580046752806405e-05,1.4870857419377927e-05,0.0010610417158089275,0.0033946068150588274,0.001581637031235314,0.0008988965046649862,0.0005647866527791532,0.079574841958219
1156,1.3377359620505694e-05,4.7826561186101196e-05,0.001013998383702767,0.002696303062001491,0.0017179372759531662,0.0007959182581290784,0.0005336384978212108,0.059690529259061216
1157,0.0007221501328895031,0.00012501139780673413,0.0010253162804165223,0.001636936685477114,0.000629610826370874,0.0004899876539751207,0.0012632283734434052,0.02626138205120729
1158,0.0008317765119976837,0.00010356818361104288,0.0008283209551988287,0.001963327487926048,0.0009171565367448155,0.0007753691391240316,0.0011250852073859277,0.023204981467192937
1159,0.001065924530956634,6.093528850473184e-05,0.0007467566502438183,0.0018489957184920091,0.0006953353756237802,0.000511023715078789,0.0010517809057685025,0.02053559125616096
1160,0.00038676214711225084,0.0001237881580945041,0.000989677902291901,0.0016437883043851366,0.0008189885861489112,0.00142905741783418,0.0006546898220568724,0.013465647924812434
1161,0.0005661758468589365,4.6298628202485964e-05,0.0005681435330459177,0.0018664568835975355,0.00034118928671636315,0.0001603306007177266,0.0006583260651230872,0.031417418224311815
1162,0.000387066671283231,3.5331081464571814e-05,0.0005228130608220781,0.001814392571121189,0.0004658820203255645,0.00033003518175940473,0.0003475638792432305,0.029250160504394686
1163,0.00032472728620741353,1.4104818068283119e-05,0.0004926032641633005,0.0022118897555145197,0.00039517509211493726,0.00022911113100968611,0.0005939323235011604,0.024996313366875644
1164,9.114600179501293e-05,5.7507863353112814e-05,0.0004015905617601064,0.0013746243068281218,0.0004840928152374281,0.0004951776345811872,6.816312386956515e-05,0.01742979556561022
1165,0.0005334541362547176,1.377762896252117e-05,8.929152457394461e-05,0.0016185731692916223,0.00045493658349141645,0.0002023052962192382,0.0008579910752886772,0.021953393188610705
1166,0.00020862692754890092,9.113508971893842e-06,0.00012671265012777555,0.0017537134808998617,0.00037987036385622903,0.00046646514687499475,0.00039100278118320877,0.016913752487490368
1167,0.00045400890653608014,1.5957397959356552e-05,0.00012779097990898403,0.0014785667928128255,0.0005116072259425919,0.000995874453964935,0.0004739774636824917,0.011312664759229903
1168,0.0002834661201906032,0.00018221533717456307,0.00013455832230541652,0.0010117304541890687,0.0004641622733010803,0.0009339858750404235,0.0001076376518096341,0.007132744475688032
1169,0.001977045273608175,0.00023788361125083948,0.000569522113114831,0.0016792652044213408,0.0003054871081654938,0.0011967616567196684,0.0003573497449831282,0.03769284490129048
1170,0.001309549817449696,0.0008823889855720386,0.0009630796126319751,0.0014336390511762314,0.000500052410805337,0.0009659481965657396,4.315755072521204e-05,0.02039447379008013
1171,0.0007173048284573911,0.0005454667837225206,0.0003871936830688065,0.0002501536755876628,0.0008056785575345501,0.0022736004916950985,1.8740853225959375e-05,0.00891655096492875
1172,0.00036367541879259554,0.0005471876363812045,7.203906686767468e-05,0.0006305779639213551,0.00030558888944264993,0.0013457512949988377,1.7128039508398143e-05,0.001370974925095109
1173,0.11422162839755307,0.000394244359642469,0.0005484656586866678,0.00093159373684763,0.00015427334068026887,0.00017050652471524685,0.00014558837679830134,0.001981508295402581
1174,0.11595388307215554,0.00021537868796805325,0.0002203637702840396,0.0010109408497615553,0.00026691238486856525,0.00029754465670053126,0.0002966860341013099,0.00040989680187983335
1175,0.10049140511527024,0.0005366832118879267,0.00011867172940175108,0.0004443357242243094,8.943447760205763e-05,0.0003427858358799206,5.55880375548845e-06,3.448357376344946e-05
1176,0.06050889844676069,0.0005290851468343664,3.034800113680757e-05,0.0008247062351907913,0.0005137046121066413,0.0007191203251236105,0.00014324613836866904,0.0014039154138540267
1177,0.1537846021071787,6.609140472897825e-05,0.0009088122843496248,5.5556737067831344e-05,0.0006253329956433242,0.0006594989223298184,0.0002856330618274473,0.00028518382254723497
1178,0.14913488004843892,9.455765258301804e-05,0.0007269962511596374,0.0001291992543365802,0.000569035117680075,0.0009045649920641132,7.654595526932747e-05,0.0008085359824334665
1179,0.13185201554920237,6.643282848186582e-05,0.0007895576894493519,6.326116285259181e-05,0.0005780840889597772,0.0008340684732188136,0.0002304339748474934,0.0012157394157754438
1180,0.10498706602641876,1.4939592028285423e-05,0.00034500390357676845,0.00011635848267791908,0.00027983377576727974,0.0010340993188112592,0.00020241267179430566,0.0030485353611917876
1181,0.03930045304271251,0.0004875042652958773,0.001366755732304528,0.0004311464858442517,0.0009079342798029208,0.001419829070499534,0.0001422027046761392,0.0009056319412877166
1182,0.03488425177690033,0.00048041984415635896,0.0015039056072173348,0.000535609934396806,0.0007699828729537501,0.0015040117426949448,0.00018458760195198798,0.001555474327898918
1183,0.031017168847500394,0.0002761242907994876,0.0011155849967913025,0.0004988966838417626,0.0010577744694827374,0.001457440385525135,0.00010732341968396852,0.0018760177182819216
1184,0.022021020113741543,0.00010480058421739115,0.0012422261332453118,0.0003210727166036749,0.000500795796176673,0.001157954283426745,0.00032225642328976233,0.0040394988964254416
1185,0.04618210829533154,0.00012385152616032925,0.00036873424559718155,0.00022905934978446936,0.0006175891732805022,0.0010210763408257104,0.00024568178459727954,0.0013360158210493848
1186,0.043078973702086756,0.00010385009086460333,0.00032930366798023073,9.633908617645328e-05,0.0004350566835590668,0.0007670811353008412,0.0004131568459256431,0.0019253194239084886
1187,0.0379888104137945,9.782442475820915e-05,0.0002517377229584339,0.00016217683639535902,0.00039845685453239634,0.0008034062085100876,0.00037433182993139915,0.0028516115921405696
1188,0.02496768972214413,6.426965930842896e-05,0.0003049394608759972,2.1985042324163248e-05,0.00037778876689156587,0.00033300949360892944,0.000897365468681843,0.004118012035031057
1189,0.02577070659370337,7.715701984302816e-05,0.00031538257720327976,0.00020838859617594604,0.0006377145165869628,0.0006315086387226501,7.671457672561865e-05,0.0015213145641558591
1190,0.023167838957793906,2.4073255236523046e-05,0.00014211368929425774,0.00033161483521683004,0.0003646756493287713,0.0006320827364509076,0.0001844995172219585,0.0015893775206056464
1191,0.016327362906275338,9.270126745648217e-07,0.0003518729370836576,0.0004878541339409939,0.00022196045277501718,0.0009584696368152575,0.00015339754326896255,0.0029862002155781105
1192,0.007721746744210838,1.820427459340341e-05,0.0004502762718972771,0.0004879775918234661,0.00037148694466831533,0.0005236144779776323,0.0007250155585864102,0.004918276078370969
1193,0.00045131720848466846,0.00028020370465175505,0.000887562948209634,0.0003138905993242102,0.0005176660053575885,0.00011561617687333876,0.0004150910455663301,0.0013994959191399093
1194,0.00011364797803545439,0.00012156517899584808,0.0007186945940486863,0.0004194518580773353,0.0003795485653260792,0.00012891864327364868,0.0005975455271303992,0.0017760420507712041
1195,0.00011047900816033543,4.437681517534265e-05,0.0007827360322916701,0.0006522984344443961,0.00036035245183034016,3.4040523056743825e-05,0.0007547880773913753,0.0023312836116078308
1196,0.0008931425093422917,0.00011232118115552518,0.0007784708739479977,0.00044430058039742496,0.00028828366277286986,4.508475591429695e-05,0.0007531994753569478,0.003857633569279825
1197,0.0007661394290873844,0.00024733114964725,0.0005506380127103418,1.348809440883509e-05,0.0009055727127053455,7.945519761552109e-05,0.00014061733436847713,0.001443743503337303
1198,0.0004304454499086657,0.00030816567966254993,0.0005122337705006717,6.20346113022214e-05,0.0009069611868317198,0.00016611420661505065,0.00012052831169367087,0.0023639656619095333
1199,0.00024892228108477536,0.0002957801908526432,0.0005143713122385712,4.220443824842896e-05,0.0004057998617165868,0.00046148361894175473,0.0002672427391455132,0.003227655670315472
1200,0.0019071064437500927,0.00010275533678097613,0.0009922414608034965,5.589567804036382e-05,0.0006238968799719916,0.0004585138028466726,0.00013602350518605456,0.006139504774772618
1201,0.00022185951492927333,0.0004344710282848017,0.0002997830335286108,4.2674161283503735e-05,0.00029447258956992526,0.0001217347061496373,0.00011694618601212878,0.0012202835340317303
1202,7.35620991161935e-05,0.0005223990758007767,0.0003673262824643059,2.437190274852322e-06,0.0002489002812296382,6.742980309213066e-05,5.430640485245059e-05,0.002085377958879875
1203,0.0004878554800206826,0.0003082981918692999,0.0005011196119014839,7.05054852869785e-05,0.0004157383529699072,0.0002792230450800972,0.00030627568946560614,0.00239899725678221
1204,0.0015319165309543444,5.937926611519815e-05,0.0005017314752460007,6.372550703782457e-05,0.0002942223052822355,0.0004165468176323928,0.000328154975713888,0.004556254930625881
1205,0.00021124457044541955,0.0007440984556926903,2.7088749618641177e-05,0.0003125401078260343,0.00013450452210852837,0.00023394094593375654,3.019819162730985e-05,0.001655922401303878
1206,0.00010266158487905423,0.00041053113624323593,5.810188857435359e-05,0.0001701788765362644,2.8853157879054068e-05,0.0004545635326907371,0.0002880104570518603,0.002319430053543371
1207,0.00019704696565578562,0.0007231189984814905,0.00024430933676753634,5.540497491736842e-05,0.00017409269575674273,0.00039438586285494567,0.00031451522104362304,0.003101174096446887
1208,0.001635805185338927,9.301351514707436e-05,7.145823557529935e-05,0.00036033087103522893,0.00013252465931421788,0.0007222496783626511,0.00014773942106826302,0.004868187937671917
1209,0.0012816001081749657,0.00477414376313537,0.00012319135459792495,3.140029962238446e-05,8.706015490371409e-05,0.0002428454047231155,0.00018911473083632865,0.004094313566998102
1210,0.0038743266353456814,0.0033003441289640384,9.255757498752586e-05,0.00018985171018178965,0.00013294621607795847,0.0003684226044857315,0.0006975190647887484,0.005480782896804039
1211,0.003725291426312365,0.003178667492099789,0.00024020920645071808,4.404186877793702e-05,0.00020824290665765686,0.0004179876673652178,0.00024478579632765846,0.007867740028055332
1212,0.007120339022010054,0.0012342849647951363,0.0003433873166299691,7.881897110498909e-06,0.0004206792045766979,0.000847715629486661,0.0009887569559001044,0.008080286824535193
1213,0.00012518923925171124,0.09201937593125392,0.00017958109222280936,0.0001685381385363826,0.0004233039785211455,0.0003945718244039753,3.3578805043601785e-05,0.002120726234200325
1214,0.0004557303101105386,0.09134132166245544,8.495367257350118e-05,0.00022754587834669985,0.000589099607888761,0.0006587022130998768,0.00025072882313809504,0.0023381779034367797
1215,0.0005098195363908212,0.08364124466019429,0.00018604446424874124,7.502616295840851e-05,0.0008396901136859304,0.00040674557215039485,0.00011100088987708359,0.003205111872212163
1216,0.001882426561747516,0.07156443560305395,0.00031824874758415683,0.0001720256233751693,0.0009726019669153569,0.0007417727099533082,0.0002594629716807045,0.0032994674841968106
1217,0.0002852798153047541,0.0171394707084589,2.9823212239197766e-05,0.00040174485570621714,0.0012466701388715563,0.0003337126355320505,5.5578045929779696e-05,0.0016075820480778572
1218,0.0007864541081879094,0.01466522485751248,1.4056745261130973e-05,0.0005456140967397575,0.0011518574213290214,0.00041284004481436027,0.0001015832932414223,0.0023503175930091494
1219,0.0011874265775741908,0.012593144425952099,6.983660030703327e-06,0.0002232917780867392,0.0017197711565312252,0.0007252948832390403,2.6889411145876906e-05,0.0028175161092416122
1220,0.0027333928092379695,0.00795630245103935,4.560328686660584e-05,0.00038493136463737285,0.001455737979917188,0.0005867664784109268,0.00012718519814609584,0.0036685082761504033
1221,3.7032160433601775e-05,0.026367602773674538,0.0001159901398957763,0.00040680578546083,0.0009065337462932884,0.001324116768357521,1.766715741190521e-05,0.0011640728916920058
1222,7.424101424129728e-05,0.026976160604779583,0.00015584505113004236,0.0004680263889572293,0.0010420693497454128,0.0012027556207802107,3.781945922833748e-05,0.001749732828011642
1223,0.00035139858576349223,0.023214639523043794,0.00022015456536401157,0.0002856801328940273,0.0011323430152261026,0.0015834257238519767,7.832925260814611e-05,0.0020376860430303995
1224,0.0010770184823557254,0.020031503723826862,0.00012124788440473659,0.000439158926029482,0.0016956391041092406,0.0016926928406226084,4.4816012363396974e-05,0.002494043106543355
1225,0.00036208531071390003,0.010752627359005437,0.00021158561928639723,0.00013457885313227706,0.0015498417653289668,0.0029276739512374304,0.0003052208702103467,0.001403396291983565
1226,0.0010859135881275764,0.008199984939950382,0.00027928233758784266,4.809083022798523e-05,0.002187471375595169,0.0020794859917534683,2.3696936085154182e-05,0.0022334492531011986
1227,0.0017063183656807414,0.0037821072009527994,0.0002776937975821352,4.380322254170734e-05,0.002273738741360441,0.0025470676257700973,0.00019839734128415402,0.002541288367439843
1228,0.003151048224478602,0.0012321260358461022,0.0001860276094067167,3.5342196200014e-05,0.0015164334787597198,0.0021546726216292575,0.00017094200790136694,0.003940443958712727
1229,0.00028540781421219116,0.0018717174237274183,0.00036229374726352924,0.00017500780034833098,0.00018332253005643988,0.0007442071721915959,0.00011077844508643325,0.0018590583539953862
1230,0.0012494345825910436,0.001362812685105636,0.0001852242410360791,0.0001699860615086232,0.00040060786081054517,0.0005188595289184596,0.0002296515007374361,0.0027034789448005425
1231,0.002004220013276579,0.0006647532816658186,0.0009734315074060477,0.0002495141505821722,0.0001320700149500663,0.0002724158894732954,9.368085605780891e-05,0.002981028923532076
1232,0.005731362579459313,0.0014871957366517717,0.0005520878148553649,0.00013563513130350523,0.0005573268626628908,0.0005854578825155767,0.0006718155398165891,0.0032604906504147555
1233,9.630477020449311e-05,0.00039249429224917957,0.0011448009003332564,0.0005845072988209596,3.778512680854572e-05,0.00016158745849679173,2.9128866810164803e-05,0.0001754521870785761
1234,0.00037515516416365913,0.00013923124099795954,0.0010405626920526512,0.0004699633270822063,5.963798640957052e-05,0.00025645171446351194,3.3711810553709035e-05,0.0001902096520784039
1235,0.000770251466804174,0.00023518115201945567,0.0011778853606966482,0.0006311877847744919,0.00010625507636854508,0.0001740879637087978,9.235327366292849e-05,0.00038117469945077054
1236,0.0021540839519377446,0.000646177069010731,0.0010482882190183777,0.00036817713973730324,0.00017263597984235363,0.0003884805677953336,0.00018995062547132158,0.0005542124616408388
1237,0.000423922535402413,0.00045548306772227415,0.0008143124511879904,0.0001394827451560066,0.00030053876878170284,0.00025767562726997936,0.0004027226639083252,0.0005692155089386879
1238,0.0008608788234569276,0.0003236964017287442,0.001106044253476691,8.550649596749914e-05,0.000365797703896056,0.0005805984308851569,0.00014635492926410267,0.00037495368142776884
1239,0.002014366747629191,0.0001230439604642648,0.0011914823291921497,6.215509090341708e-05,0.0006391103268379729,0.00020798075992644675,0.0004132951985811421,0.0005471345253840647
1240,0.004955969807521878,0.0006893033709349069,0.0005656471130005462,1.3387032454474264e-05,0.00040054440242140736,0.0005022466294823494,4.117332676803443e-06,0.0017215873411610368
1241,0.00016403366503472887,3.4442659692801125e-05,0.00038499318670253405,0.0008529343541269481,0.0003114545215922402,0.0005134277607225186,0.0009722792634874225,0.00048343967622229117
1242,0.00036558917119545884,0.00045775734779261463,0.0003457237082573055,0.0007292220119960539,0.00025005345263463255,0.00047883135738359986,0.0007491029075959154,0.000792141293865966
1243,0.0014811977516648782,0.0006773040771130142,0.00012748516676913004,0.00040252306354801256,0.00025913700145114286,0.0007090131351789799,0.000677536183128766,0.0009589895326737127
1244,0.0027804398598814044,0.0014927200935973787,0.00011064884878250884,0.0001914477185518989,0.00020736192736646174,0.00041544776362555845,0.0003074976082152354,0.0016327546802713602
1245,0.00014303536078766563,7.174532768571592e-05,0.00039439727926496255,0.00024785132894882857,1.1900167569474311e-05,0.00016727138242890284,0.0013250014242361628,0.0009316712437052826
1246,0.0006768357440087151,0.00015335145459736144,0.000682172477525575,0.0002942626607037838,4.060961042039176e-07,8.883729435504639e-05,0.0013122247999786353,0.0012987640310775405
1247,0.0010573730442186209,0.0007417040176112102,0.0004467395010081886,0.00012561238462898853,1.9588806010211762e-05,0.0002543463611815128,0.0004946655406968496,0.001420086837650502
1248,0.0032785075125087,0.001645754841905623,0.0005131478999178668,0.00025745788949284624,6.913905834431629e-05,0.0001861888976716653,0.0015285032598352545,0.002533385938759838
1249,0.001556892806228749,0.00048503622931058305,0.0023479843320326397,0.0003535351593810651,9.19579535851988e-05,0.0003765184181187768,0.000582011093080542,0.0011886868302230028
1250,0.002641492014137684,0.0012757833498882572,0.001752479482585092,0.00039579479197640106,8.192657667596909e-05,0.0005592783947629516,0.0008734424650989935,0.0017205688439505668
1251,0.005754297211894696,0.0012676509326876417,0.003226563738886366,0.00022162944140624615,0.0002099908456746081,0.00043719611491389355,0.00013471788821346653,0.0022295911433809143
1252,0.005095365578422439,0.003486863220222652,0.0023969292781967056,0.00043653708396655574,7.206712893592959e-05,0.0008917770752388665,0.0006432994627369307,0.003613322040249065
1253,0.0005909034449431577,1.0879255612328443e-05,0.11182431897062352,0.00010219845454245282,0.00024147661721249286,7.544254551348877e-05,2.74664003044109e-05,0.00025490188668529
1254,0.0008274735245408016,0.00020897351888220429,0.11256873996909464,6.082391921423998e-05,0.00012700404429685815,9.916383965492785e-05,3.448761358841203e-05,0.0003176643852576529
1255,0.0012748569813411702,0.00015750044042195236,0.10415874217384101,6.48638753244784e-05,0.0003042554695216315,0.0001398711689088646,0.00010207713330154285,0.00042855081631595644
1256,0.0025247530204153047,0.0011806494292435881,0.09132865177822809,0.00011023459441361783,0.0002018332854736954,0.0002753005949685814,8.953360900153788e-05,0.0007760804076855729
1257,0.0007710920974455734,0.00013718579414794045,0.028837918116475573,3.325181298926355e-05,0.00044578359151264046,1.5440520124322363e-05,0.00019891588794836046,0.00032102777885863453
1258,0.0012992798730216463,0.00035783837156164395,0.027113835496828213,5.6852631705280726e-05,0.0003152614123219276,3.185835046761674e-05,0.0005139648365695446,0.0004225142603185076
1259,0.0023534850469689025,0.0005937288217005855,0.023225571606133054,3.72506846320438e-05,0.0003566719782980231,7.571979389359285e-06,0.00018478183271325853,0.0008444189687249133
1260,0.0036253549489955014,0.0014266940665540661,0.018496189586271503,0.00018773698699961724,0.0002740114395221737,5.365930741695384e-05,0.0010336992805666842,0.0008889828337097767
1261,0.001394106765666536,9.634506825943195e-05,0.03856598342725452,1.237671926841597e-05,0.0002610080701468996,0.00026120345349201705,3.655633252252094e-06,0.00020945100421814687
1262,0.002332509269876101,0.00024175473022259444,0.037308663347457076,2.7876355281726934e-06,0.0002742940038494218,0.00038133584261755283,0.00014611882936842242,0.00019389841893833096
1263,0.0028826770568247313,0.00035944045999603886,0.03276830830690371,5.7057886202232914e-05,0.00018756139672405,0.00045161965156025426,2.0625306369352898e-05,0.00036020085724391943
1264,0.0035886117040906927,0.0010794639861685259,0.02992311863783086,4.069429400442987e-06,0.00028876211034945437,0.0004897795299500715,0.0001447985792560572,0.000539905291397619
1265,0.002667024709375076,0.00025035902577026084,0.01701209736993822,0.00026527265775444443,3.402065659888652e-07,0.00030653770852071325,6.369719315224157e-05,0.00012120197893755306
1266,0.0032760652490161674,0.00046427254551355805,0.01393852441584957,0.00024231629042074712,3.5366344612010968e-06,0.00014237812150766322,0.00030798302529878944,0.0004168044457069001
1267,0.003934794273786935,0.0011688231979855418,0.009269325876908251,7.046956306440384e-06,8.228746141627005e-05,0.0004798112947444706,0.0002867333782773482,0.0005150907721473704
1268,0.004827383399043877,0.0018101604108883343,0.0036832159388254593,7.834606239740918e-05,4.1289256584199536e-05,0.0001720315725228828,0.0002697961806366335,0.00048404131934428425
1269,0.0016914015432563081,7.37296136445981e-05,0.0012924828172514021,2.1386302256634494e-05,0.0007484023068735319,5.8370580990739695e-05,0.00046050260873297717,3.485488028461971e-05
1270,0.0023208558870179384,5.324265562790519e-06,0.0007269174745884394,5.8591402945236614e-05,0.0008190865084194467,1.1498621747346066e-05,0.000339097428534142,0.0003451015421547684
1271,0.0025476600068722057,0.00017508657945587518,0.000767370921897103,7.952115888410413e-05,0.0007586975940875564,6.659462255957284e-05,0.00035336695727924766,5.350862765935541e-05
1272,0.00306800018809569,0.0005529560859669582,0.0008681182488764426,1.0137664723525417e-06,0.00046910698573120917,1.5338642620527397e-05,8.098674864009379e-05,0.0005794664534017432
1273,0.0008024249649353708,5.519481003359968e-05,0.0005352831660186357,0.00015046611482544741,7.416653617147348e-05,0.0003449734286041338,0.0005118676269338854,4.898679251798603e-05
1274,0.0010316445843379523,3.965406717952835e-05,0.00043311194637361437,0.00013254758004346563,6.511595039791842e-05,0.0002363773239519413,0.00031587350004983665,0.0001062538414782466
1275,0.0013680681021713346,0.0002156258439869046,0.0005080996417523577,0.0001015602776265631,0.00011027392883395801,0.0005004631993753781,0.0005892376496602457,0.00016822423916381199
1276,0.0021167907514282624,0.0004901282413051005,0.0008934541337544267,0.00010917747387474745,4.706025725930535e-05,0.00018580397105948622,0.0005242404782279952,0.00038080570369550666
1277,0.0004664860324557664,8.414329829090988e-06,0.00019947464883793945,1.8409427512578906e-05,0.0005718335932059879,0.0004558566088051146,5.638845166155099e-05,1.9813648372493168e-05
1278,0.0008728276661714687,0.00016845192068817708,0.00020442684902087984,3.647207585925124e-05,0.00015212584878983025,0.0007260252719097608,0.0005481092524847433,4.6735470932419186e-05
1279,0.0010753350273708614,0.0004434274684696048,0.00046945582287607286,1.550365311145968e-05,0.00037387347672423587,0.0008814901139760473,0.0003594072071354684,5.4359763669191414e-05
1280,0.0019043026498482205,0.0023780807341595655,0.0010084985514944033,1.1722635378002792e-06,0.00020588742070389875,0.0008381509605530621,0.00045785926944283325,0.00018577628006162587
1281,0.0003628028520095319,0.00010011733119234612,0.00036577390354973705,0.0001701324788671576,5.8677210400128385e-05,0.0001489131381684936,0.00035218919766879175,0.0002979247084140339
1282,0.0007256525787271609,7.935289801459725e-05,0.00043294340274960746,0.0003627927785091128,0.0001311539619134839,0.0002764475794420063,0.0007325955939439036,0.0002154828790662626
1283,0.001091579513488388,0.00036191810983659736,0.0007092009194945916,0.00017099900120962446,0.0001462288158069339,0.0002116706857405536,0.0005216596677211544,6.648472141872574e-05
1284,0.0023712810139969527,0.0009514632402712258,0.001466916196211067,0.00014997937477598806,0.0002501866284609522,0.0003413251565207909,0.0006312776366294887,8.902843339529723e-06
1285,0.0003277242869025444,0.001680456453891804,0.0014365863133227255,0.001712696627118322,0.00010587859838770796,0.00026615131538403004,0.00030716472302199304,0.0010898986734449046
1286,0.000676759143742019,0.0018188679324425423,0.001647583706554291,0.001778481752028353,3.0076969151511072e-05,0.0003148829543603483,6.258700566475102e-05,0.0010385783268114107
1287,0.0004266980612553099,0.0034474384887859546,0.0024005088969517026,0.001578128109025316,1.199718363209462e-05,0.00040311050442809834,0.0001946517220289018,0.0005540229270577189
1288,0.0018914349623731911,0.0034357419204770986,0.0025728610740178553,0.0015863929673765433,1.8456847783899734e-05,0.00028272584759962075,3.287886353671489e-05,0.0006616947917266349
1289,7.792155424437541e-05,0.0006569001132741889,0.00023467889144887863,0.0961349078860981,0.00031024526787156223,0.00014366605557419003,0.0007247940267400062,0.0005157087856870528
1290,0.0002203942932257599,0.0005011675150356432,0.00036277500222459065,0.09262603574779063,0.00033531697284064767,0.00010387122387375324,0.0006095190784690515,0.0002873913314205226
1291,0.00043710128265132955,0.0010217577289766391,0.0004177164255578891,0.08743610270211351,0.0005320982132030551,0.00019635643878952472,0.0003848348491255921,0.00024039843109711345
1292,0.0012049060396425017,0.0011700997121807516,0.0006707164869411971,0.07012893961243358,0.0002731023077345114,0.00010500313127826297,0.0002131431355533078,0.0007105756377299678
1293,0.00017368515822945962,0.00013130298603926863,0.0004290726679112933,0.0259720123385824,0.00039620478582951766,0.00019486893145364434,0.00042267811128788977,0.0005956375302428667
1294,0.000270146233770275,0.0002664585709175194,0.0008293198332247436,0.022898017199884362,0.0005693908157949215,0.00010738263523762786,0.00041707902886668774,0.00042310744464402926
1295,0.0009315218090775822,0.00046751262410599535,0.0011354192245853296,0.02112060624183271,0.00039395505961514277,0.0003511187404899659,0.00022522988681210579,0.0005563100570047247
1296,0.001756002395211117,0.0010200607949122683,0.001796923979525128,0.016703863355843243,0.0005379069680966309,0.00016041214848162524,0.00030017759999499644,0.0008542057206848178
1297,0.00027571339583233086,0.0006537750500643425,0.0009565281751975243,0.0368176809586532,0.00016588801390166703,0.0001018015100058243,0.0006053239591363401,9.851628505449016e-05
1298,0.0004180048914631394,0.0009164094780720688,0.0011970008356453345,0.03392461723058592,0.00015290126179070396,5.841062689071543e-05,0.0008417972254768415,9.179657417415772e-05
1299,0.0008518858394317208,0.0014647410402594803,0.001457304247844502,0.030078922964779792,0.0002448319647498035,0.00010537500108345845,0.0004259583851735496,0.00023226637826757445
1300,0.0012632569032443542,0.0023562030203642574,0.0014697129244491188,0.02514164224431108,0.00020392949824880324,2.903101431818767e-05,0.0006980532155682146,0.001037048979830906
1301,0.00027573409019849594,0.0008397824202251438,0.000657272758507292,0.013222501582919247,0.00015150053381056942,6.130636445484472e-05,0.0002527311781806857,0.0003851177446849731
1302,0.0005744972379439398,0.0020796521300662863,0.0012085756133954607,0.009628147421097688,0.00039841591898451647,0.00017407452084903225,0.00029412290030718564,0.0007341019711287292
1303,0.0005515347211908428,0.0020967130470951017,0.0011155023864300524,0.007385691809580239,0.00021551285036907028,8.549247641561723e-05,5.684295493064339e-05,0.0008703326117127514
1304,0.0017014905730157633,0.003440542482494893,0.0016140282934329689,0.004038940603315634,0.0004993377508113073,0.00014921369854667082,0.0001996758378797766,0.0013457058700323662
1305,0.00010564266340279151,0.0005769857729712208,0.0004451401481267981,0.0013596269878423356,4.6671063165687213e-05,0.0008157018361964943,0.0003687661891134695,0.000390122625595015
1306,0.00043511412529120423,0.001804915403957219,0.00038260412454769603,0.0003190627551973673,3.789428582333371e-05,0.0010081551994020898,4.8182121374375625e-05,0.0005006118102841059
1307,0.001000094627074661,0.0024351408858365154,0.0009049970606641646,5.347642837465313e-05,9.190820936724991e-05,0.0007079351832516122,0.0001481944665577735,0.0010604368802687044
1308,0.00202771988949942,0.0025117214025313344,0.0011073801164336087,6.784243853694313e-05,4.755476015665358e-06,0.0007109643606200347,0.0002640946296233423,0.001726201667191503
1309,0.00017114711946562497,0.0008391532171997972,0.0005686543250979255,0.00022867139281999269,2.4723149172634078e-05,0.00015800016131040646,4.5990617449148835e-05,0.00029918766129828454
1310,0.00039542933832092,0.0011437183938886313,0.0006938810780325409,0.0002611469512620333,4.243305981675843e-05,0.00017409678654809884,4.6935966623582904e-05,0.00040193939693884955
1311,0.0004609053433864543,0.0021256313701182037,0.0008542187052071276,0.00034549549075041055,1.5149969720497283e-05,0.00026285799911745334,4.346942858359955e-06,0.0009897490485643835
1312,0.0007855368645445353,0.0020022188300186294,0.0013665617891876441,0.00039181868682465986,6.928047724683858e-05,0.0002929531216534067,4.911964923806715e-05,0.0007343244976098034
1313,0.0006163881691294352,0.000583047188851673,0.0007791124642685855,2.3248305508666127e-05,0.00014275442239282052,0.00032035819429767764,9.775276671873182e-05,0.0011480964392328586
1314,0.0018364034745261932,0.000643898105238989,0.0008635619828014046,0.0003903468011746349,0.00018237910515785764,0.0003950336044843694,0.00021493031812397842,0.0022649450038722757
1315,0.0019241842607155902,0.001578391075465344,0.0009773615767681928,0.00030370093866257324,0.00020092532486544164,0.000704153494468211,0.00015718101368780788,0.0022440097343954008
1316,0.002248761110237469,0.0014925547297649103,0.0016574909330530126,0.0018886350401567122,0.00041233470184795615,9.918925128964403e-05,0.0001111874506335414,0.0029026258048963473
1317,0.0011550984411668568,0.00029100147295306824,0.0014996542326130757,0.00028842745620920524,0.00010636319227194104,0.00015714974367929635,0.0005059282236445202,0.0013545876492909164
1318,0.0015398789942179657,0.000420067715943782,0.001997753915151016,0.0008211999891828996,0.00018415490730920367,0.00022450275375696915,0.0005261960704177139,0.0022084301909287766
1319,0.0016762543636228966,0.0008965634094357353,0.001845880826003847,0.0005619006461719935,0.00015513739793281047,0.0001309178778257516,0.00047717111906157833,0.0017681387437571048
1320,0.002446859461195359,0.0008658982152362373,0.0015157295081363446,0.0017165681302559052,0.0003145710535560245,0.00012983752086050717,0.0002914010164159584,0.0022052299859344824
1321,0.000422085701297047,0.0009114732713618889,0.0029699545176220432,0.00020527224726297788,0.00010735538935000274,0.0010679664595662063,0.0004176132155090414,0.0009640764023734326
1322,0.0009959593998169988,0.0013297881126736319,0.0025282780680978083,0.0004207873713744221,8.920639376141837e-05,0.0007667937799094154,0.00029515623530870593,0.0011864305770952278
1323,0.0008797829036172255,0.002274762905236667,0.0029880687256467263,0.0004837835114229889,5.792393916758625e-05,0.0008880171049586128,0.000407141268204509,0.0013328066145280003
1324,0.0008881032043285481,0.0024156496619792004,0.0020743043756774196,0.0016673058607097502,3.195359704175673e-05,0.0010260944956058374,0.0003283356945039163,0.0019866199364341167
1325,3.670989345359919e-05,0.00017277530478181815,0.0009153099653621307,0.00022014071027092602,0.000626635992794858,0.0006123905534131957,0.0001247374215266451,0.0011621539154802237
1326,0.00026792445128746476,0.0004918312497121595,0.0007448399929900952,0.000105281379456919,0.0003893052877330926,0.00035203944646339084,0.0002633978516537384,0.0021088486263783823
1327,0.0007017963951372658,0.0006320603823235198,0.0016502976819219822,0.000528689870559725,0.0005931505623900532,0.0006604571722892873,4.336771724104253e-05,0.0016173839416054466
1328,0.0012426343911389704,0.0014144764967309307,0.0013204351925141988,0.0019688149191443376,2.882371734693439e-05,0.0006529577467147067,0.0007308104229973338,0.0022959160421899606
1329,0.00019383908203520885,0.00023511308730707814,0.0009797159605506754,0.0009420962889489694,0.08628717381200741,0.00013611184021792967,6.600000267333676e-05,0.0005125681156911653
1330,0.00024836573346989193,0.0006744772591386666,0.0009753595013246596,0.0006076270587176353,0.08620965699645504,4.7790931854351144e-05,3.070672622198428e-05,0.00047913013144752146
1331,0.000479382836467243,0.0007474073223158381,0.0011972895520388892,0.0015242314341974747,0.07607596976127629,7.541844953326147e-05,1.979461616542902e-05,0.00047265971589650777
1332,0.0010771298934457209,0.0016395651201209726,0.0011483510595978969,0.0013560685364500445,0.06174939283659653,8.070035024200463e-05,0.000220685226203232,0.0004244823615235588
1333,0.0005003884319526489,0.00030945491885286177,0.00018219706591551455,0.0009657458589451577,0.01867271415923195,0.00012616424927412736,2.2429922784102225e-05,0.0002410746120393391
1334,0.0006501492908912224,0.000902128816502606,0.00011648408309447072,0.0006707144101086158,0.01768296828919577,0.00010753225674635057,3.2357547518715074e-05,0.00020159415888571945
1335,0.0010199687182212713,0.0006862235307443978,0.00023518350273862355,0.0007380661334872977,0.015335187096734251,0.00010495665911466267,4.5210111475378505e-05,0.00011257975840693149
1336,0.0013191552774816805,0.0010940983686106409,0.0004191301375795204,0.001547571272259524,0.011709135310893026,0.00013476364426545363,0.0002121258630764718,0.00034074255256890697
1337,0.0005773897929718681,0.0005944565105249958,8.458438609506243e-05,0.00047060031932269177,0.026757506115301782,0.00015073846078856416,7.525789801225122e-05,0.00024452126169839607
1338,0.0006749962328061579,0.0009684017677010266,3.726980637857276e-05,0.000763767261786716,0.02601744592869406,0.0002346186604862348,0.00012036248070049723,0.00012731792597831627
1339,0.0012125519171281504,0.0014582591881979955,0.00018723813230446358,0.0009733921896432896,0.022720648744303785,5.228511918047202e-05,0.00016398390853150733,0.00014160576438553666
1340,0.0012973256624419797,0.0016312262725535617,4.869047420342881e-05,0.0015850643582603202,0.01718002801025951,0.00025163331220000307,0.0002528849578025766,0.00013233240326531294
1341,0.0005265524666130793,0.000552303472333986,0.0005369252900801489,0.0002660204724374528,0.010743256347833963,3.812416486790561e-05,9.894777237464455e-05,0.00012143127990041027
1342,0.000811095825632081,0.000506112559602583,0.00046511185740892553,0.0006489343791600998,0.010279616559252254,1.080554130477251e-06,0.00018732777977045412,7.90028947192574e-05
1343,0.0011564934157857103,0.0010236817039715527,0.0004818398324100989,0.0005788197744189283,0.006668745792770994,2.196665823188926e-05,2.6605198807775384e-05,5.15372386882242e-05
1344,0.0017672043605063473,0.002027908800572323,0.0006367128338236434,0.002622125351871364,0.002962067137230008,0.000138149685513982,0.0001651137639909114,0.000751440368021094
1345,0.0009655030397455849,0.000675322835954114,0.0026217680313261648,0.00025839551969304106,0.0008120328662512254,0.00017757553543813347,0.0001702739304601181,0.00013997488930052475
1346,0.0008913898159883648,0.00107557646278339,0.0031719876287313914,0.0010880396549506836,0.0005271177296307586,0.0005352691972722428,0.00045498774477614924,0.00017879535279233277
1347,0.001438655520070818,0.0013049338793446933,0.0026501590849605863,0.0011852557507072202,0.0004951806668489988,0.0001539480299365084,1.8199712411259948e-05,0.00023069571889262842
1348,0.0012643784916412718,0.0018236584226075747,0.0022013507896880293,0.0011712505345244455,0.0011084317805784352,0.0004459330510581821,0.00018895936776160976,0.0007019895933681991
1349,0.0004069494761202546,1.72390197409265e-05,0.0011321825762085358,0.0007788048045344924,0.002109777866683775,0.00021113822962386155,3.015912250384122e-05,0.00011783427334817237
1350,0.000433733163399449,2.749316565272489e-07,0.0014078122610882396,0.0008274736352739537,0.002978060825050961,0.0001319083141800476,4.831320090567755e-05,8.27359315754486e-06
1351,0.0005173334644121677,3.4774067220437795e-07,0.0011455981690890074,0.0009067522617602279,0.003170951633198577,0.00021773738328473904,1.3532995212675367e-05,5.799208547304412e-06
1352,0.000516670198715804,0.00015752671825933293,0.001722024047515545,0.0011723702742129113,0.00446189227109409,0.0002724511148663028,0.0002994055722770874,2.6997378711636587e-05
1353,0.00039223486434961823,5.865508130558004e-05,0.0029461417930411733,0.0009607618158445113,0.0023080914369790454,1.8856680686196404e-05,1.569879710348836e-05,5.298617752803337e-05
1354,0.000378472857045896,0.00035681430345258484,0.003135988165657899,0.0010110112103714388,0.0029192128869742597,2.52042711901666e-05,0.0001781188575489993,0.00012217962333922072
1355,0.00029165255795184753,0.0004087635254010968,0.0023007628142805263,0.001706781633744678,0.0035009869398043036,0.00012875826849226082,8.617483807410328e-05,7.456807516364481e-05
1356,0.0006136251059079771,0.00025117035981289757,0.002146395097323299,0.0013034715571534994,0.0027124528385308114,3.7370494707827515e-05,0.000917076897435883,0.0001559747654020273
1357,0.00012184915861038323,0.0011542052875548998,0.0011632228769799895,6.404280912539445e-05,0.0012847203274307687,8.158918761915495e-05,0.00013996831190622407,3.576898182582559e-05
1358,9.616114796859011e-06,0.0007924011101243531,0.0010939213027220957,0.00030167175882450664,0.0012745926936430802,0.00020082748058461902,0.0005451213660885094,0.00017709495540822696
1359,7.031340607263018e-05,0.0008935831806180892,0.0007790097076648774,0.00016249178418903856,0.002190659528796005,0.0001505393454470838,0.00023074614921985505,0.00011375872463214429
1360,0.000191882060565123,0.0005076852095494288,0.0002150209793742556,0.0006689841652261612,0.003232383468946028,0.00025551018054677287,0.0005479537802694621,0.00019008394714941108
1361,0.00016889472043167368,0.0005046315355032205,0.0006046184401299316,2.2421815372921966e-05,0.002054832727494291,9.039093858146177e-05,0.0002675702559014248,0.00017485704462786892
1362,1.970402245734628e-05,0.00039577916722245904,0.0003467836988030899,0.00018926562444889156,0.002072930069595274,0.00022269150238015631,0.0005133191011328098,0.0005389119488615402
1363,5.525005953428883e-05,0.00033172320514824835,0.00037078609873867583,0.00012412148511835113,0.002854128249667186,0.00010248085082291936,0.0006455590468847901,0.0005270403288609301
1364,2.3007827713053505e-05,0.00022994722330969028,0.00012023643492502456,0.00032195729962777056,0.0034774272860167987,0.0004984893839977925,0.0006486147191743444,0.001042641902707535
1365,0.00030749105189214923,0.0005130294329124044,0.0005658462170398827,1.802669794578581e-05,0.0017431462653283974,0.0011258937691772082,0.0009300478947962883,0.0009989244223490635
1366,9.457985489206762e-05,0.0006702160110282871,0.000283889355524178,0.00030818535864339384,0.0026938293082596353,0.0014797203222986332,0.0005934404937581283,0.002228888206432522
1367,5.4484191982112894e-05,0.00033286642178247843,0.0002302950572196588,0.00028117642711248715,0.0025847320269373943,0.0016246491508545818,0.00070378127891863,0.0018581610799216998
1368,0.0002823492314860896,0.0003205028585541681,0.0003022049592226968,0.000605906896572988,0.0032202249856800483,0.0014873582083821417,0.0002544854368492773,0.0022575052877677228
1369,0.00017285867946668126,4.509317613732283e-05,0.00039840655286388176,6.305846523083665e-05,0.00020990125448561766,0.08921528555861498,0.00020785883964386664,0.0002879886980915675
1370,0.0001472303481133182,0.00023441584304064844,0.000583390138738752,1.1267094207572364e-05,0.00043928322357984176,0.08597800819211134,3.946257596982611e-05,0.0003757670835739362
1371,3.379239151958858e-05,0.00011111747450904726,0.0004149511447285392,5.612615647385836e-05,0.0005836198479433919,0.07865548861421115,9.097178752324535e-05,0.00033997121249033956
1372,0.00013161808385297186,0.0002900743009369255,0.0007955340029149516,0.0002508646125712669,0.000646538867680956,0.06264753734652767,0.00013153302707432323,0.0006160872298707161
1373,0.00015027639132725881,0.00010784815618058134,0.00032875303100359893,9.306825718385684e-08,2.7040351649509867e-05,0.018677494066631682,8.32987010226315e-05,0.00011812055687940204
1374,6.512922780668258e-05,0.0002148335391591768,0.0003575014472630489,5.537053846043542e-05,0.0001319969194629267,0.015516128279829159,3.533643092221748e-05,0.0002057949574574349
1375,5.7580505980069164e-05,0.00020480648296485222,0.00033768600663611003,6.849512317328447e-05,0.00025964320840199216,0.0146299248077737,8.299941426789802e-06,0.00027820972360565436
1376,4.0908601372914853e-05,0.0005709490839608971,0.00046262907208107314,0.00018243688115188847,0.0003124335530580267,0.01055900820048757,9.485974793653467e-05,0.0005049134360578657
1377,0.00011003710426933998,0.0002487134205083651,0.00047848687431903826,1.992321651548562e-05,0.00012677427103227712,0.026390291327653036,0.00013260097801771174,8.559202190626974e-05
1378,1.2902820801146341e-05,0.0004674941207611249,0.0004813327608406231,2.8145570986420484e-05,6.651288779366348e-05,0.024884539633052347,0.0002872743990655182,0.00015924085584652952
1379,2.8255323684122547e-06,0.0005739281820272569,0.0003632674831707078,8.254260570424343e-05,7.536481662841235e-05,0.02121611495303034,8.759043406702612e-05,0.00019159564625175548
1380,0.00026979971206898633,0.0011513795390411818,0.00014095882246699534,0.00014568696019042997,2.7186251517280917e-05,0.01717764977878885,0.0006952072822791406,0.00037552192040875445
1381,0.0001200965275490972,8.391460688146611e-05,0.0007644806986534159,3.2924861456249984e-06,8.561590299964233e-06,0.011963668630455096,5.266938867926749e-05,0.0001352035527994827
1382,0.0003909623524348663,1.2805260621783601e-05,0.00040465768459132666,5.73886870327129e-05,1.4155041206001928e-05,0.009665909416139505,8.671529539344531e-05,6.968057143502394e-05
1383,0.0007666422484130404,4.161427102086404e-06,0.00036531328368512853,0.00046433693532985576,0.0002817513027551587,0.007037673512005939,0.00020847471295601876,0.0002801253352418683
1384,0.0016784812751241658,0.00018299303713333474,1.185919460621652e-05,0.0009787917079488078,0.00035845171814744903,0.0036720303673685338,0.0003544296336773672,0.0005436354963206216
1385,0.00012428117459257926,0.0002422948071717801,0.00028692208121561854,0.00036900483306383523,0.00039491014895480313,0.0002573964715975199,0.0005120335398487326,0.0005690097191346649
1386,0.00030866284723771425,0.0005478914362401605,0.0003134822067381968,0.0006191117317135938,0.0009563532074273951,0.00011292717430969213,0.0003007575918647858,0.0005172392196110413
1387,0.0013316872755835903,0.0006519795851805978,0.0005086168995576032,0.001472013627259937,0.0012549262343040126,9.953184467684085e-05,0.0005173672493050694,0.00011881437662099027
1388,0.0015507563353208038,0.0005568311336792496,0.00015843024249088296,0.0020512119667028352,0.0015148132753709889,0.0007373426519082827,0.00045980866211861956,0.0004295335923347344
1389,0.00026862951948620995,9.050983511706209e-05,0.0003166933974026822,0.0015888889712989006,0.0005589485255316857,5.754665940233173e-05,0.00014844600859227,5.216693919947171e-05
1390,0.00028775435592237494,5.6128680805604995e-05,0.0003453355687928338,0.001682427674203797,0.0009114249897092507,4.1580327057169804e-05,0.0001556564475013137,4.2004517101055674e-07
1391,0.00040059578809777417,5.893860601454606e-05,0.0004387982839590889,0.0018846524280211943,0.0008377349828303161,8.755473163176983e-06,0.0002628165271570756,1.6113963190725996e-05
1392,0.000576074464975741,0.00017503456940509563,0.0005721283802086904,0.0015280417833738362,0.0016472760945829153,0.00018311033466945093,5.447030921444801e-05,9.138918851370583e-05
1393,0.0005266863074190102,0.0003197882204879998,0.00014606556056337558,0.0015658950242186435,0.0014865039833221766,9.858105704155502e-05,0.0003954978544220011,0.00014054564397394202
1394,0.0007758398705199102,0.00043945044242108233,0.00030959919012631544,0.001606591419830815,0.0023327171750438394,0.0003150503805542466,0.00035403565978980563,0.0003455492778192606
1395,0.001773410530031631,0.0007310283733457093,0.0001821392437798558,0.0022869470382762412,0.002331834598325303,0.000541241159679476,0.00012130908708352606,0.000518039643783955
1396,0.001279273262756735,0.0010113952994553921,0.00044378019361216207,0.0011851718133273537,0.0029068969876118473,0.001577264644622845,0.0002363996040014046,0.0007340662893037184
1397,0.0002952299349772144,0.00038880191892684383,3.511424201783137e-05,0.0005520349860889041,0.00018968264509380025,1.0725912997399831e-05,0.0010342786074272754,0.00010385244370332797
1398,0.0005215135090363392,0.0005873480683928802,1.638669712146796e-05,0.0006922608793080408,0.0002684611967625134,0.0001761856675845668,0.0011723158426425646,1.7650108832396288e-06
1399,0.0009290398172163981,0.0005227525581590204,5.319111129481254e-05,0.0004914443428977314,0.0003498157052104257,0.00023087364004751736,0.0009370711155484287,2.9700767437908673e-05
1400,0.0009418610173234142,0.0009465375795508285,1.2333393307078965e-05,0.00033610860317710316,0.0011974580365713763,0.001296187910857399,0.0013138703060756093,0.00017978837855401881
1401,0.00043731262401942796,3.025562492799443e-05,0.00025630164297637035,0.00014105411080905482,0.00025069385001341314,6.482075629958511e-05,0.0022521315711645008,4.326089863470379e-05
1402,0.0011946245607561633,0.00018554185736926077,0.00031119270637872197,0.0002828703917296546,0.0004649370311155745,0.00012362337914820275,0.0015692307621470252,0.0002091489967489423
1403,0.0012656936053734233,0.0001244558416401683,0.0002533897927437669,0.00030181324949731767,0.0008753213772524993,0.00043196282082925015,0.0026687732502685877,0.000560584269609858
1404,0.0015346672890839046,0.0003933566642584315,0.00022486866301797928,0.0003368267233589104,0.0007142337731373611,0.001167012336966864,0.0013558759861594509,0.0006568006493640365
1405,0.00035476842562740966,0.00020051657325872142,0.0006333854741640996,0.0004783518351963306,0.0006515008319466218,0.0003255343328010587,0.09626801180370742,1.6421431343823043e-05
1406,0.0005104456665326262,0.0001963445533773895,0.00048603109224042444,0.0004376408422996247,0.0007221717549670483,0.00033336053080815155,0.09684870145523454,3.37315890765756e-05
1407,0.0006266420936111758,0.00012918171808911825,0.000447595965537809,0.00036647244492238866,0.0008087465903804794,0.0008695260983583857,0.09221328563579236,8.631602194782032e-05
1408,0.0008235924162874347,0.000206478048910488,0.0005434693843310242,0.00013782993311163392,0.001009931209769125,0.0011680440518312789,0.07793187129612211,0.00016522699117952562
1409,0.0004390888078835084,0.0003602520847084343,0.0006865692116589191,9.406437688156458e-05,0.00028347715303054545,0.0006625800830596722,0.019008924220479197,5.7487749471027635e-06
1410,0.0007125464428787781,0.00043874384756582016,0.0004891397092250782,1.9140716927201887e-05,0.0004318566964790717,0.0007256290092965193,0.014536543470466847,3.2686507819427105e-05
1411,0.0010030563039063497,0.00036066147793958073,0.0005458228279360759,5.091476586031062e-05,0.0005085922256193932,0.0012712852030085443,0.013810795617884366,8.407576228543097e-05
1412,0.0008841013254298838,0.0003054134219299514,0.00044677995568719243,1.4281945968085412e-05,0.0007213816922231113,0.0014059029533953795,0.00878777486125003,0.0001730836536600219
1413,0.0002091202866086815,4.9790799868685124e-05,0.0017238864237481277,0.00010326569039330941,0.0005116320625447796,0.00022881099248499125,0.024842921852348206,0.00011091068451477366
1414,0.00045137231184872096,7.927091950316276e-05,0.0021044721088299507,3.43901232216847e-05,0.000726869744348318,0.00045051767241140753,0.024455924123234378,2.8992858062707055e-05
1415,0.0005221222844086134,2.8602018978428334e-05,0.0016810226681997467,4.381816048403054e-05,0.0004919246826408733,0.0006015014714346432,0.021650048631797966,3.726080762851356e-05
1416,0.0005153749678130306,4.242766637212565e-05,0.001835402255977164,1.1801115458845277e-06,0.0012463355256269665,0.0008337678291870233,0.018201139419906774,9.01264329591276e-05
1417,0.0008434995799778478,0.0002645830719519879,0.000496574315603157,0.0005683874681800988,0.0002897038038454192,0.00014394399356612236,0.008058978309794126,8.450842505185099e-05
1418,0.0012710722802496263,0.0005120802286327478,0.0007485291037006521,0.00039635842717169795,0.0008462239935971274,0.0004790990043253447,0.00570440011239907,8.192169990860726e-05
1419,0.0012605403407213863,0.0003059960586400591,0.0004625405163778779,0.0006765773604163729,0.0006502162107719519,0.00035214061995518856,0.0036055501946400236,2.078958636476485e-05
1420,0.0011405495409514115,8.97940830444062e-05,0.0005708157056468067,0.0010949949071592043,0.0012126847321732256,0.0010895281914422466,0.0010034870784869313,0.0004910821687173184
1421,0.0001374663591865984,0.0008592048120987072,0.00075018703784822,0.0004014557425059141,0.0017514239659806798,6.295345462679829e-05,0.000619855395669162,0.0001397412366574208
1422,0.0001496725498015181,0.0006853620171085341,0.0009973564873277762,0.00018161558259125265,0.002281215695242334,0.0001847730492446583,0.000195418127577399,0.0002458330621778406
1423,0.00018873470778522854,0.00034178668484861804,0.0007484482525733585,0.0001857248710743571,0.0025579537643823304,0.0005078495780393535,0.0011558294117499231,6.223113016211535e-05
1424,0.0006276801519511351,0.00010061677103629976,0.0008820686788134882,0.00040427291887822325,0.002210264172640357,0.0016800950886466219,0.001991223283066988,0.00027806625408564905
1425,0.0001523143112120798,0.00017829370885890495,0.000661526184483205,6.597466418702881e-05,0.00042192484377379943,0.00015894874132588266,0.0003342389034887508,0.00022000147032521491
1426,0.0002679914118636636,0.00012083316755845503,0.000545740275324002,8.455190818616158e-05,0.00037270754400584033,0.00010063623606514641,0.0004980978230823048,0.00025430252339654977
1427,0.0004260296329567145,5.7917636004441876e-05,0.0005586019208092971,4.252700201528968e-06,0.0007237640579709429,0.0003747000081323052,0.0007779184990497102,0.0002038188349207737
1428,0.0007458547709175462,0.00014834650837850202,0.0005458647924284068,1.5707697202534977e-05,0.0008876406004186222,0.0003066045564383443,0.002048026920103728,0.0004564158166930676
1429,1.3098170124512024e-05,7.544859911280727e-05,0.0006260986891250555,2.753977549339027e-05,0.0003466233509679353,0.0004977444591701455,0.0010914754734007055,0.00010800801401356854
1430,6.998814668873814e-05,0.00010997111674521812,0.0006285441810074364,5.088711453949829e-05,0.00023640565500299737,0.0004164978253766662,0.0009328754269626597,8.466131703390674e-05
1431,9.003548230318583e-05,6.561558143365562e-05,0.0008209568817212052,2.9689484033569583e-05,0.0003488768407016496,0.0010543157863396769,0.0012047263784773202,0.00022745161398171832
1432,0.0005075767133960634,0.00016944437846884146,0.0005915987439978282,0.0002821078899952133,0.0006397807762535509,0.0008661993756604078,0.0037849139909814805,0.0003579000828636377
1433,0.00011679435721185314,0.000573629480418743,3.152004889680124e-05,0.00027900440881538894,4.9666108165507694e-05,8.409377843856053e-05,7.58458679686675e-05,1.1959320294932633e-05
1434,0.00013200260375068206,0.00036212272757314506,0.00018235937033604841,0.0002042231099054862,9.486660395583814e-05,6.067827884091748e-05,0.0001533177861795028,4.719160768773149e-06
1435,0.0002170954081177617,0.00023478524289986433,0.00014862118903829534,0.00010006235584805701,1.1832550461689673e-05,0.00014370560935016152,0.00024457420154812217,1.962736791183744e-05
1436,0.000724000023363975,0.00025804156496384457,8.550423505746183e-05,0.000373775144159282,5.820194272791316e-05,0.0002703700157626562,0.001103120697582637,0.0001504129987612812
1437,0.0008902958587363095,1.7229756856081294e-05,4.624864391192536e-05,0.0002956794458430514,0.00020671418266718337,0.0004860316340286955,0.00021298870422778563,0.0018373231172057495
1438,0.00137116206612898,0.00010947680986579551,6.58606885044513e-05,0.0004467217019335569,0.00045697392172483036,0.0005078253366522543,0.0005925545434896837,0.0014495490836632678
1439,0.0015195933812036282,0.00012225272258208214,2.9372889535989453e-05,0.0007307783138371374,0.0003420571837206317,0.00040360191021251063,0.0014244650433130341,0.0008476413378871466
1440,0.0015838699182475937,0.00010256756655462314,8.32743888873768e-05,0.0010138300864457653,0.0009633138661045845,0.0004668599692184379,0.0013575229934323363,7.715604337495747e-05
1441,0.00044101712940861147,9.085522833965863e-05,0.0006149523058780024,0.0007314862054131418,0.00041918182369256194,9.381349988979337e-05,0.0011832556254904958,0.0003554353020449388
1442,0.000443494328988555,9.006027035890391e-05,0.0007854969522717297,0.001106022284166963,0.0009577396646274699,0.00042231150017100577,0.0018710845446154615,0.0008997654368974911
1443,0.0010798142991724324,0.00013473851727668616,0.0007819341361936348,0.0013096278965532154,0.0010503833162747217,0.0004797182236372757,0.003739850586290184,0.001097876430251021
1444,0.0006120310551619255,0.00036651966498328767,0.0005954545038761516,0.000336877870291066,0.0007821765285998117,0.001660973093409893,0.0026296702874994984,0.0021745509605582366
1445,0.00039732800249478066,0.00010510511647245591,0.0004475624070981901,0.0006799157987703796,1.3149633605460232e-05,0.0003855031189888179,6.028785836424192e-05,0.00046431091514778855
1446,0.0003591111773603859,0.00012150472980016065,0.0004846826122495616,0.0007156639583821875,2.0053842960274445e-05,0.00028180484042862505,0.00016199444021448606,0.0008848618683431254
1447,0.00022658274306191212,7.834069469365465e-05,0.00047584911717905967,0.0009138634369077011,1.548137903433336e-05,0.0003137219470284437,0.0005355438925586906,0.0011391840612065688
1448,0.00031082667092465914,0.0001975788256021845,0.0004187816861359164,0.0007459265785574935,0.00016712835338925092,0.0013437410860986476,0.0006195187246460447,0.0012927214449307014
1449,0.000491681926641861,2.435020556355606e-06,0.0007794259413739154,4.652070533341363e-05,1.9999249934959576e-05,0.00024832590512010466,0.0007020957494029988,0.00020603633084331893
