Traces,Same Bit 0,Same Bit 1,Same Bit 2,Same Bit 3,Same Bit 4,Same Bit 5,Same Bit 6,Same Bit 7,Same Sum,Same Prod,Same Max,Different Bit 0,Different Bit 1,Different Bit 2,Different Bit 3,Different Bit 4,Different Bit 5,Different Bit 6,Different Bit 7,Different Sum,Different Prod,Different Max
0,0.0,0.0,0.0,0.0,0.0,0.0,0.0,0.0,0.0,0.0,0.0,0.0,0.0,0.0,0.0,0.0,0.0,0.0,0.0,0.0,0.0,0.0
1,0.0,0.0,0.0,0.0,0.0,0.0,0.0,0.0,0.0,0.0,0.0,0.0,0.0,0.0,0.0,0.0,0.0,0.0,0.0,0.0,0.0,0.0
2,0.0,0.0,0.0,0.0,0.0,0.0,0.0,0.0,0.001,0.001,0.001,0.0,0.0,0.0,0.0,0.0,0.0,0.0,0.0,0.0,0.0,0.0
3,0.0,0.0,0.0,0.0,0.0,0.0,0.0,0.0,0.004,0.004,0.0,0.0,0.0,0.0,0.0,0.0,0.0,0.0,0.0,0.002,0.002,0.0
4,0.003,0.003,0.001,0.002,0.003,0.004,0.004,0.005,0.008,0.008,0.0,0.002,0.0,0.005,0.003,0.005,0.0,0.001,0.002,0.003,0.003,0.0
5,0.003,0.005,0.003,0.007,0.008,0.008,0.004,0.004,0.004,0.004,0.001,0.005,0.01,0.006,0.005,0.005,0.005,0.001,0.0,0.003,0.003,0.006
6,0.008,0.003,0.003,0.006,0.007,0.005,0.005,0.005,0.0,0.0,0.004,0.004,0.003,0.004,0.004,0.004,0.003,0.004,0.002,0.007,0.008,0.005
7,0.006,0.003,0.001,0.009,0.003,0.006,0.006,0.007,0.004,0.004,0.003,0.004,0.003,0.007,0.004,0.004,0.007,0.004,0.002,0.003,0.002,0.005
8,0.005,0.006,0.004,0.007,0.004,0.006,0.004,0.005,0.004,0.004,0.008,0.003,0.005,0.007,0.001,0.007,0.004,0.001,0.002,0.005,0.005,0.004
9,0.003,0.007,0.002,0.004,0.002,0.003,0.005,0.009,0.007,0.007,0.007,0.002,0.004,0.005,0.004,0.007,0.006,0.003,0.005,0.005,0.005,0.002
10,0.007,0.006,0.003,0.005,0.002,0.004,0.003,0.009,0.005,0.005,0.006,0.005,0.003,0.001,0.003,0.006,0.004,0.003,0.005,0.005,0.005,0.005
11,0.005,0.007,0.002,0.005,0.004,0.006,0.003,0.007,0.005,0.006,0.006,0.005,0.002,0.005,0.008,0.006,0.002,0.004,0.002,0.004,0.004,0.003
12,0.005,0.005,0.002,0.002,0.003,0.005,0.002,0.007,0.008,0.007,0.006,0.007,0.001,0.004,0.004,0.004,0.007,0.005,0.001,0.004,0.004,0.005
13,0.005,0.004,0.001,0.002,0.004,0.006,0.004,0.006,0.007,0.007,0.005,0.004,0.001,0.009,0.003,0.003,0.006,0.004,0.0,0.006,0.006,0.003
14,0.003,0.004,0.003,0.003,0.005,0.008,0.002,0.005,0.008,0.008,0.002,0.003,0.0,0.005,0.003,0.007,0.008,0.002,0.002,0.005,0.004,0.002
15,0.005,0.006,0.005,0.003,0.003,0.004,0.003,0.01,0.007,0.009,0.004,0.006,0.003,0.005,0.004,0.005,0.006,0.0,0.003,0.004,0.006,0.001
16,0.006,0.003,0.005,0.001,0.002,0.004,0.001,0.013,0.007,0.006,0.004,0.005,0.004,0.005,0.002,0.005,0.003,0.006,0.002,0.006,0.006,0.003
17,0.007,0.005,0.005,0.002,0.004,0.003,0.005,0.006,0.007,0.008,0.005,0.004,0.005,0.008,0.002,0.005,0.005,0.004,0.001,0.003,0.003,0.003
18,0.007,0.002,0.007,0.001,0.002,0.003,0.003,0.008,0.011,0.012,0.003,0.003,0.004,0.006,0.006,0.004,0.004,0.005,0.002,0.007,0.01,0.002
19,0.011,0.002,0.004,0.001,0.003,0.005,0.003,0.008,0.013,0.013,0.004,0.007,0.002,0.008,0.005,0.005,0.005,0.004,0.0,0.011,0.012,0.001
20,0.013,0.004,0.003,0.003,0.002,0.004,0.001,0.011,0.01,0.01,0.005,0.008,0.004,0.004,0.008,0.005,0.01,0.008,0.004,0.015,0.017,0.005
21,0.012,0.003,0.003,0.005,0.005,0.005,0.0,0.011,0.012,0.013,0.008,0.007,0.003,0.003,0.012,0.005,0.008,0.003,0.002,0.014,0.014,0.007
22,0.014,0.002,0.003,0.005,0.004,0.004,0.0,0.011,0.01,0.01,0.003,0.009,0.001,0.006,0.015,0.003,0.006,0.004,0.003,0.011,0.013,0.008
23,0.012,0.004,0.004,0.009,0.005,0.003,0.001,0.016,0.013,0.014,0.005,0.009,0.004,0.008,0.009,0.005,0.008,0.007,0.005,0.017,0.019,0.01
24,0.014,0.007,0.004,0.009,0.007,0.001,0.005,0.016,0.009,0.01,0.007,0.011,0.004,0.006,0.007,0.006,0.009,0.006,0.006,0.015,0.017,0.012
25,0.012,0.007,0.009,0.009,0.005,0.005,0.003,0.013,0.013,0.012,0.009,0.014,0.009,0.009,0.008,0.005,0.006,0.008,0.007,0.017,0.018,0.011
26,0.013,0.006,0.006,0.008,0.005,0.005,0.004,0.013,0.014,0.013,0.01,0.012,0.007,0.01,0.009,0.007,0.005,0.007,0.006,0.017,0.014,0.012
27,0.012,0.004,0.003,0.004,0.006,0.009,0.003,0.014,0.01,0.01,0.012,0.015,0.01,0.008,0.008,0.008,0.004,0.009,0.011,0.018,0.016,0.01
28,0.011,0.004,0.006,0.004,0.008,0.005,0.004,0.011,0.014,0.013,0.011,0.012,0.011,0.006,0.008,0.009,0.007,0.011,0.012,0.022,0.022,0.014
29,0.01,0.005,0.005,0.006,0.006,0.006,0.005,0.015,0.015,0.015,0.013,0.012,0.012,0.004,0.009,0.006,0.007,0.008,0.011,0.024,0.023,0.012
30,0.012,0.006,0.006,0.007,0.004,0.011,0.006,0.013,0.016,0.019,0.015,0.015,0.01,0.004,0.007,0.008,0.01,0.005,0.013,0.022,0.022,0.014
31,0.013,0.008,0.006,0.009,0.006,0.009,0.007,0.017,0.022,0.021,0.017,0.017,0.01,0.008,0.01,0.009,0.007,0.005,0.015,0.023,0.024,0.016
32,0.012,0.009,0.007,0.009,0.01,0.006,0.006,0.013,0.029,0.028,0.016,0.021,0.008,0.012,0.011,0.008,0.007,0.008,0.012,0.028,0.028,0.014
33,0.016,0.012,0.009,0.011,0.009,0.006,0.006,0.016,0.029,0.03,0.016,0.023,0.009,0.007,0.01,0.008,0.011,0.007,0.012,0.028,0.028,0.015
34,0.019,0.013,0.013,0.01,0.008,0.007,0.004,0.017,0.026,0.028,0.017,0.023,0.01,0.006,0.008,0.008,0.012,0.009,0.015,0.028,0.031,0.017
35,0.021,0.014,0.011,0.01,0.01,0.01,0.005,0.013,0.033,0.034,0.019,0.018,0.011,0.008,0.007,0.009,0.015,0.008,0.013,0.034,0.028,0.018
36,0.023,0.01,0.013,0.01,0.01,0.008,0.008,0.016,0.029,0.03,0.021,0.026,0.013,0.013,0.012,0.01,0.014,0.006,0.015,0.034,0.031,0.022
37,0.022,0.008,0.012,0.01,0.008,0.01,0.007,0.018,0.041,0.038,0.028,0.025,0.01,0.011,0.012,0.013,0.013,0.008,0.015,0.034,0.031,0.021
38,0.021,0.008,0.013,0.009,0.009,0.015,0.005,0.013,0.041,0.038,0.022,0.024,0.01,0.01,0.01,0.013,0.015,0.008,0.015,0.037,0.035,0.026
39,0.026,0.012,0.016,0.01,0.007,0.011,0.004,0.015,0.041,0.044,0.026,0.023,0.009,0.01,0.008,0.016,0.013,0.011,0.015,0.035,0.032,0.024
40,0.021,0.013,0.014,0.012,0.01,0.008,0.004,0.015,0.052,0.056,0.031,0.026,0.01,0.009,0.009,0.016,0.015,0.014,0.018,0.043,0.039,0.022
41,0.026,0.016,0.017,0.009,0.011,0.015,0.008,0.021,0.065,0.066,0.026,0.024,0.012,0.013,0.01,0.013,0.013,0.015,0.021,0.047,0.045,0.029
42,0.032,0.022,0.019,0.01,0.009,0.016,0.007,0.018,0.065,0.063,0.025,0.028,0.014,0.012,0.01,0.012,0.017,0.009,0.021,0.054,0.049,0.029
43,0.028,0.02,0.014,0.011,0.015,0.014,0.007,0.02,0.065,0.063,0.025,0.031,0.01,0.01,0.009,0.013,0.016,0.012,0.024,0.061,0.053,0.03
44,0.031,0.019,0.017,0.013,0.011,0.016,0.009,0.019,0.074,0.07,0.033,0.032,0.011,0.01,0.01,0.017,0.018,0.014,0.03,0.07,0.062,0.037
45,0.039,0.018,0.021,0.011,0.014,0.015,0.008,0.018,0.076,0.072,0.036,0.035,0.013,0.012,0.009,0.017,0.02,0.012,0.029,0.07,0.067,0.034
46,0.041,0.019,0.018,0.011,0.016,0.014,0.008,0.017,0.086,0.082,0.032,0.041,0.013,0.014,0.012,0.012,0.022,0.008,0.028,0.069,0.065,0.036
47,0.037,0.019,0.022,0.013,0.016,0.018,0.006,0.019,0.092,0.086,0.031,0.039,0.014,0.015,0.013,0.015,0.022,0.011,0.027,0.074,0.07,0.04
48,0.041,0.026,0.015,0.012,0.015,0.017,0.011,0.025,0.089,0.082,0.033,0.038,0.018,0.013,0.013,0.021,0.02,0.013,0.028,0.071,0.065,0.041
49,0.047,0.025,0.019,0.012,0.015,0.02,0.008,0.023,0.109,0.099,0.035,0.039,0.023,0.012,0.014,0.024,0.015,0.012,0.025,0.084,0.081,0.049
50,0.05,0.022,0.018,0.012,0.016,0.019,0.011,0.033,0.107,0.106,0.038,0.042,0.023,0.013,0.017,0.016,0.018,0.01,0.027,0.093,0.085,0.051
51,0.053,0.024,0.023,0.013,0.017,0.017,0.013,0.027,0.126,0.116,0.039,0.043,0.02,0.017,0.019,0.017,0.019,0.012,0.027,0.1,0.09,0.05
52,0.06,0.021,0.023,0.014,0.019,0.02,0.011,0.025,0.13,0.125,0.042,0.043,0.018,0.015,0.022,0.018,0.022,0.006,0.029,0.099,0.099,0.047
53,0.063,0.021,0.026,0.015,0.021,0.02,0.011,0.025,0.146,0.136,0.05,0.048,0.02,0.02,0.022,0.018,0.023,0.008,0.029,0.108,0.101,0.055
54,0.064,0.023,0.027,0.016,0.025,0.023,0.009,0.033,0.149,0.139,0.049,0.043,0.02,0.023,0.024,0.017,0.022,0.009,0.038,0.12,0.115,0.056
55,0.067,0.028,0.029,0.015,0.017,0.022,0.011,0.032,0.158,0.149,0.053,0.046,0.02,0.022,0.022,0.016,0.022,0.007,0.036,0.137,0.128,0.057
56,0.068,0.033,0.027,0.012,0.022,0.028,0.015,0.032,0.173,0.167,0.064,0.048,0.024,0.02,0.027,0.015,0.022,0.009,0.033,0.146,0.135,0.054
57,0.068,0.035,0.029,0.016,0.023,0.027,0.02,0.037,0.19,0.18,0.067,0.052,0.023,0.024,0.03,0.02,0.027,0.012,0.04,0.165,0.153,0.058
58,0.068,0.031,0.029,0.022,0.023,0.032,0.021,0.035,0.195,0.189,0.061,0.054,0.025,0.034,0.028,0.02,0.024,0.013,0.044,0.169,0.159,0.065
59,0.069,0.034,0.031,0.023,0.023,0.033,0.023,0.038,0.202,0.192,0.074,0.058,0.026,0.028,0.033,0.018,0.025,0.012,0.048,0.175,0.162,0.075
60,0.069,0.036,0.039,0.02,0.026,0.028,0.025,0.035,0.213,0.208,0.066,0.062,0.032,0.029,0.032,0.026,0.026,0.013,0.046,0.182,0.171,0.073
61,0.071,0.036,0.038,0.023,0.03,0.034,0.024,0.038,0.227,0.211,0.068,0.061,0.037,0.031,0.031,0.025,0.026,0.018,0.044,0.19,0.186,0.076
62,0.077,0.036,0.031,0.022,0.025,0.033,0.023,0.034,0.231,0.218,0.073,0.064,0.042,0.029,0.034,0.024,0.03,0.017,0.045,0.203,0.192,0.08
63,0.081,0.036,0.034,0.022,0.023,0.03,0.018,0.037,0.235,0.22,0.082,0.061,0.04,0.029,0.035,0.032,0.032,0.019,0.052,0.212,0.2,0.084
64,0.085,0.043,0.038,0.028,0.021,0.035,0.026,0.043,0.25,0.238,0.082,0.076,0.037,0.027,0.037,0.029,0.028,0.022,0.051,0.222,0.222,0.088
65,0.092,0.045,0.033,0.024,0.028,0.033,0.025,0.046,0.271,0.257,0.094,0.069,0.041,0.029,0.04,0.035,0.033,0.027,0.052,0.223,0.213,0.101
66,0.093,0.048,0.033,0.028,0.024,0.039,0.033,0.046,0.269,0.26,0.1,0.072,0.044,0.027,0.042,0.036,0.035,0.028,0.057,0.242,0.229,0.103
67,0.095,0.046,0.037,0.027,0.024,0.039,0.027,0.046,0.297,0.285,0.101,0.084,0.042,0.03,0.042,0.037,0.036,0.028,0.057,0.261,0.254,0.112
68,0.091,0.046,0.04,0.033,0.035,0.036,0.03,0.057,0.307,0.304,0.109,0.086,0.04,0.034,0.044,0.038,0.04,0.03,0.055,0.264,0.255,0.119
69,0.097,0.046,0.036,0.03,0.034,0.041,0.027,0.061,0.329,0.309,0.105,0.095,0.043,0.033,0.047,0.034,0.039,0.03,0.057,0.28,0.261,0.121
70,0.11,0.047,0.044,0.031,0.043,0.041,0.033,0.063,0.349,0.323,0.112,0.095,0.05,0.035,0.046,0.038,0.045,0.031,0.06,0.305,0.282,0.11
71,0.107,0.051,0.041,0.033,0.036,0.04,0.033,0.066,0.355,0.347,0.111,0.098,0.049,0.043,0.045,0.04,0.041,0.032,0.062,0.335,0.31,0.113
72,0.115,0.054,0.045,0.032,0.045,0.039,0.035,0.07,0.367,0.351,0.128,0.106,0.052,0.046,0.047,0.042,0.04,0.036,0.063,0.341,0.33,0.114
73,0.128,0.06,0.043,0.031,0.042,0.04,0.045,0.072,0.378,0.373,0.142,0.106,0.053,0.049,0.052,0.046,0.051,0.036,0.057,0.354,0.349,0.126
74,0.126,0.06,0.046,0.027,0.038,0.041,0.037,0.074,0.403,0.391,0.146,0.11,0.053,0.047,0.048,0.047,0.049,0.039,0.063,0.365,0.354,0.131
75,0.131,0.063,0.05,0.03,0.05,0.049,0.038,0.071,0.423,0.402,0.16,0.111,0.057,0.055,0.044,0.044,0.056,0.039,0.065,0.394,0.365,0.137
76,0.136,0.066,0.049,0.032,0.059,0.046,0.045,0.081,0.433,0.412,0.161,0.12,0.063,0.059,0.042,0.048,0.054,0.044,0.073,0.406,0.378,0.14
77,0.149,0.07,0.049,0.038,0.054,0.051,0.046,0.08,0.453,0.425,0.166,0.122,0.057,0.062,0.049,0.047,0.055,0.046,0.07,0.422,0.4,0.146
78,0.138,0.07,0.054,0.035,0.064,0.055,0.048,0.089,0.468,0.45,0.175,0.124,0.072,0.061,0.05,0.05,0.061,0.044,0.078,0.428,0.401,0.146
79,0.153,0.07,0.056,0.043,0.06,0.061,0.048,0.085,0.473,0.46,0.175,0.132,0.068,0.062,0.049,0.052,0.06,0.049,0.079,0.443,0.43,0.16
80,0.156,0.069,0.063,0.044,0.068,0.058,0.047,0.092,0.497,0.47,0.18,0.127,0.072,0.067,0.049,0.056,0.061,0.053,0.084,0.467,0.444,0.175
81,0.162,0.073,0.065,0.045,0.067,0.061,0.051,0.1,0.513,0.488,0.191,0.143,0.073,0.066,0.053,0.059,0.058,0.051,0.084,0.479,0.462,0.177
82,0.157,0.074,0.066,0.048,0.067,0.063,0.053,0.114,0.528,0.511,0.198,0.144,0.073,0.072,0.059,0.057,0.061,0.045,0.087,0.489,0.471,0.178
83,0.171,0.078,0.067,0.049,0.066,0.064,0.053,0.112,0.548,0.521,0.199,0.151,0.077,0.076,0.06,0.056,0.058,0.045,0.087,0.495,0.472,0.185
84,0.173,0.083,0.066,0.049,0.066,0.062,0.058,0.119,0.56,0.537,0.211,0.158,0.078,0.074,0.06,0.057,0.064,0.048,0.09,0.516,0.491,0.215
85,0.173,0.08,0.065,0.044,0.068,0.064,0.058,0.121,0.578,0.558,0.216,0.166,0.075,0.078,0.06,0.058,0.068,0.055,0.095,0.526,0.497,0.226
86,0.176,0.082,0.07,0.049,0.071,0.066,0.061,0.12,0.583,0.567,0.223,0.16,0.081,0.078,0.062,0.058,0.071,0.054,0.097,0.532,0.5,0.222
87,0.177,0.087,0.075,0.05,0.069,0.07,0.062,0.128,0.604,0.588,0.237,0.165,0.084,0.076,0.064,0.061,0.078,0.057,0.103,0.553,0.524,0.224
88,0.183,0.09,0.078,0.052,0.076,0.075,0.069,0.126,0.627,0.599,0.242,0.175,0.089,0.081,0.065,0.065,0.081,0.06,0.107,0.569,0.547,0.236
89,0.194,0.086,0.082,0.052,0.082,0.074,0.066,0.13,0.633,0.612,0.244,0.185,0.092,0.087,0.066,0.071,0.087,0.06,0.109,0.582,0.558,0.249
90,0.2,0.086,0.083,0.052,0.085,0.078,0.067,0.135,0.639,0.609,0.252,0.194,0.097,0.084,0.062,0.069,0.093,0.068,0.114,0.601,0.583,0.247
91,0.21,0.098,0.091,0.055,0.09,0.079,0.071,0.143,0.672,0.636,0.267,0.197,0.098,0.086,0.068,0.067,0.081,0.066,0.123,0.61,0.59,0.254
92,0.216,0.1,0.089,0.057,0.086,0.091,0.072,0.149,0.669,0.645,0.27,0.198,0.097,0.087,0.069,0.074,0.088,0.067,0.131,0.629,0.597,0.269
93,0.217,0.101,0.095,0.063,0.088,0.09,0.077,0.147,0.693,0.664,0.268,0.204,0.097,0.091,0.074,0.083,0.093,0.075,0.125,0.636,0.614,0.277
94,0.217,0.107,0.1,0.061,0.082,0.093,0.087,0.148,0.704,0.682,0.289,0.208,0.1,0.091,0.075,0.084,0.094,0.076,0.127,0.636,0.619,0.282
95,0.224,0.106,0.101,0.066,0.085,0.093,0.085,0.156,0.724,0.699,0.299,0.207,0.103,0.084,0.081,0.086,0.092,0.075,0.123,0.655,0.629,0.295
96,0.232,0.11,0.106,0.075,0.086,0.095,0.087,0.153,0.73,0.71,0.312,0.208,0.111,0.093,0.084,0.087,0.093,0.08,0.132,0.676,0.655,0.305
97,0.24,0.114,0.107,0.073,0.095,0.104,0.088,0.156,0.738,0.726,0.31,0.213,0.105,0.099,0.084,0.095,0.104,0.08,0.132,0.693,0.676,0.32
98,0.247,0.119,0.113,0.077,0.09,0.106,0.09,0.16,0.751,0.731,0.326,0.226,0.113,0.096,0.086,0.089,0.101,0.083,0.137,0.705,0.682,0.335
99,0.251,0.124,0.122,0.082,0.093,0.107,0.098,0.165,0.768,0.741,0.337,0.225,0.119,0.099,0.085,0.09,0.103,0.088,0.144,0.722,0.693,0.323
100,0.265,0.126,0.118,0.085,0.092,0.106,0.103,0.169,0.774,0.759,0.351,0.235,0.121,0.105,0.089,0.097,0.102,0.089,0.158,0.733,0.719,0.334
101,0.268,0.128,0.125,0.084,0.09,0.105,0.114,0.171,0.795,0.775,0.354,0.232,0.131,0.11,0.092,0.104,0.102,0.093,0.153,0.736,0.716,0.35
102,0.276,0.132,0.124,0.087,0.097,0.111,0.114,0.175,0.793,0.776,0.35,0.242,0.135,0.111,0.094,0.099,0.113,0.094,0.154,0.755,0.728,0.35
103,0.28,0.139,0.127,0.093,0.101,0.114,0.112,0.187,0.799,0.786,0.369,0.247,0.132,0.115,0.101,0.101,0.111,0.091,0.163,0.777,0.756,0.364
104,0.284,0.141,0.135,0.094,0.101,0.123,0.122,0.18,0.821,0.797,0.374,0.25,0.145,0.117,0.101,0.1,0.111,0.088,0.165,0.79,0.767,0.377
105,0.28,0.144,0.132,0.096,0.105,0.113,0.118,0.189,0.835,0.81,0.384,0.263,0.136,0.118,0.107,0.106,0.11,0.09,0.155,0.814,0.776,0.38
106,0.289,0.145,0.131,0.097,0.109,0.119,0.124,0.182,0.838,0.815,0.389,0.264,0.132,0.12,0.114,0.117,0.111,0.098,0.161,0.814,0.793,0.395
107,0.295,0.156,0.146,0.095,0.114,0.125,0.129,0.19,0.855,0.83,0.401,0.27,0.142,0.126,0.12,0.117,0.125,0.095,0.165,0.834,0.813,0.397
108,0.295,0.157,0.144,0.102,0.119,0.129,0.128,0.198,0.856,0.837,0.409,0.276,0.149,0.132,0.121,0.121,0.121,0.095,0.173,0.836,0.821,0.402
109,0.306,0.158,0.154,0.095,0.121,0.136,0.129,0.21,0.876,0.849,0.41,0.285,0.156,0.129,0.129,0.115,0.124,0.103,0.179,0.835,0.816,0.416
110,0.31,0.161,0.156,0.096,0.119,0.137,0.132,0.211,0.884,0.862,0.428,0.293,0.16,0.132,0.13,0.111,0.121,0.105,0.18,0.858,0.831,0.42
111,0.315,0.17,0.159,0.106,0.115,0.13,0.127,0.215,0.882,0.862,0.438,0.293,0.163,0.125,0.134,0.123,0.13,0.103,0.183,0.864,0.84,0.432
112,0.313,0.171,0.161,0.107,0.128,0.134,0.13,0.219,0.891,0.877,0.443,0.295,0.17,0.136,0.134,0.117,0.134,0.103,0.192,0.876,0.862,0.427
113,0.315,0.183,0.163,0.106,0.128,0.144,0.128,0.228,0.899,0.884,0.461,0.302,0.167,0.134,0.135,0.125,0.131,0.106,0.19,0.884,0.866,0.427
114,0.313,0.182,0.17,0.107,0.128,0.14,0.137,0.236,0.907,0.889,0.457,0.305,0.164,0.136,0.133,0.131,0.134,0.109,0.19,0.891,0.876,0.438
115,0.329,0.179,0.171,0.108,0.13,0.146,0.129,0.233,0.912,0.896,0.481,0.308,0.168,0.134,0.131,0.13,0.133,0.117,0.195,0.898,0.885,0.457
116,0.335,0.19,0.177,0.112,0.133,0.144,0.127,0.235,0.914,0.899,0.479,0.313,0.168,0.139,0.137,0.129,0.133,0.122,0.201,0.899,0.888,0.454
117,0.348,0.192,0.185,0.118,0.134,0.154,0.13,0.246,0.922,0.906,0.499,0.324,0.179,0.145,0.134,0.137,0.139,0.122,0.206,0.901,0.897,0.475
118,0.358,0.2,0.183,0.125,0.141,0.16,0.138,0.247,0.921,0.906,0.507,0.334,0.184,0.152,0.137,0.153,0.139,0.132,0.215,0.914,0.902,0.494
119,0.358,0.204,0.185,0.123,0.144,0.164,0.139,0.258,0.925,0.917,0.524,0.33,0.187,0.154,0.145,0.155,0.143,0.13,0.219,0.922,0.92,0.503
120,0.361,0.206,0.196,0.123,0.143,0.168,0.144,0.253,0.934,0.922,0.527,0.341,0.186,0.156,0.151,0.158,0.149,0.137,0.226,0.927,0.921,0.497
121,0.372,0.203,0.207,0.132,0.142,0.173,0.146,0.246,0.932,0.922,0.546,0.338,0.187,0.158,0.157,0.155,0.145,0.14,0.228,0.93,0.918,0.5
122,0.378,0.216,0.214,0.13,0.148,0.179,0.14,0.25,0.938,0.928,0.549,0.345,0.198,0.163,0.157,0.172,0.142,0.148,0.228,0.94,0.932,0.511
123,0.384,0.217,0.209,0.133,0.148,0.183,0.141,0.258,0.942,0.93,0.557,0.342,0.192,0.169,0.165,0.174,0.15,0.148,0.239,0.938,0.932,0.519
124,0.376,0.212,0.215,0.143,0.152,0.188,0.144,0.275,0.947,0.94,0.57,0.348,0.198,0.177,0.168,0.181,0.15,0.145,0.246,0.937,0.941,0.521
125,0.386,0.221,0.218,0.14,0.154,0.189,0.153,0.288,0.949,0.942,0.571,0.357,0.201,0.179,0.163,0.172,0.159,0.155,0.255,0.949,0.942,0.544
126,0.391,0.225,0.219,0.15,0.161,0.187,0.165,0.28,0.952,0.948,0.57,0.367,0.207,0.19,0.163,0.179,0.159,0.168,0.25,0.953,0.947,0.552
127,0.4,0.224,0.217,0.147,0.166,0.201,0.166,0.292,0.959,0.954,0.593,0.376,0.213,0.192,0.164,0.182,0.162,0.168,0.26,0.952,0.949,0.57
128,0.413,0.239,0.229,0.154,0.17,0.203,0.171,0.304,0.967,0.959,0.6,0.381,0.217,0.195,0.162,0.19,0.175,0.171,0.268,0.953,0.946,0.579
129,0.42,0.243,0.23,0.169,0.176,0.206,0.16,0.305,0.97,0.963,0.601,0.398,0.226,0.2,0.168,0.194,0.179,0.174,0.27,0.956,0.955,0.581
130,0.422,0.244,0.239,0.171,0.174,0.209,0.171,0.316,0.973,0.963,0.624,0.402,0.226,0.197,0.174,0.194,0.182,0.174,0.275,0.967,0.961,0.586
131,0.43,0.249,0.24,0.166,0.181,0.215,0.177,0.316,0.978,0.969,0.637,0.406,0.228,0.209,0.175,0.185,0.193,0.183,0.279,0.966,0.965,0.588
132,0.446,0.255,0.242,0.168,0.186,0.222,0.183,0.318,0.974,0.967,0.645,0.406,0.232,0.199,0.182,0.183,0.191,0.178,0.274,0.974,0.968,0.594
133,0.45,0.25,0.248,0.17,0.198,0.226,0.176,0.324,0.983,0.97,0.65,0.422,0.243,0.208,0.186,0.182,0.186,0.19,0.28,0.977,0.973,0.594
134,0.458,0.261,0.245,0.175,0.202,0.227,0.179,0.337,0.981,0.974,0.649,0.426,0.242,0.217,0.192,0.184,0.194,0.184,0.286,0.974,0.972,0.599
135,0.462,0.258,0.258,0.182,0.198,0.232,0.189,0.332,0.986,0.978,0.653,0.432,0.255,0.222,0.194,0.198,0.2,0.189,0.289,0.978,0.975,0.619
136,0.46,0.261,0.257,0.19,0.201,0.229,0.19,0.344,0.988,0.977,0.657,0.437,0.251,0.23,0.206,0.196,0.196,0.194,0.302,0.981,0.978,0.633
137,0.467,0.266,0.262,0.189,0.217,0.226,0.196,0.353,0.988,0.977,0.669,0.44,0.251,0.228,0.205,0.202,0.196,0.197,0.297,0.982,0.979,0.642
138,0.462,0.284,0.257,0.195,0.209,0.227,0.203,0.351,0.984,0.979,0.683,0.455,0.261,0.234,0.208,0.213,0.2,0.199,0.311,0.981,0.976,0.65
139,0.463,0.277,0.259,0.198,0.215,0.233,0.201,0.361,0.984,0.98,0.69,0.46,0.26,0.243,0.209,0.212,0.204,0.199,0.31,0.985,0.98,0.651
140,0.471,0.281,0.267,0.202,0.221,0.242,0.201,0.365,0.988,0.982,0.699,0.47,0.262,0.237,0.215,0.214,0.203,0.202,0.327,0.987,0.985,0.663
141,0.485,0.286,0.273,0.197,0.224,0.244,0.205,0.378,0.986,0.98,0.707,0.477,0.271,0.247,0.22,0.207,0.205,0.204,0.324,0.989,0.987,0.666
142,0.494,0.288,0.279,0.204,0.225,0.248,0.211,0.377,0.989,0.982,0.705,0.478,0.277,0.266,0.222,0.217,0.218,0.206,0.332,0.988,0.987,0.678
143,0.502,0.294,0.283,0.215,0.235,0.258,0.224,0.386,0.989,0.984,0.722,0.486,0.279,0.261,0.222,0.216,0.217,0.211,0.332,0.99,0.989,0.689
144,0.509,0.304,0.283,0.21,0.244,0.264,0.226,0.387,0.99,0.986,0.717,0.494,0.283,0.264,0.22,0.226,0.219,0.219,0.343,0.989,0.987,0.699
145,0.518,0.304,0.295,0.215,0.247,0.273,0.236,0.396,0.991,0.988,0.728,0.502,0.283,0.267,0.225,0.228,0.219,0.221,0.35,0.991,0.99,0.708
146,0.529,0.313,0.296,0.218,0.251,0.277,0.235,0.398,0.993,0.993,0.747,0.501,0.285,0.27,0.236,0.237,0.225,0.219,0.347,0.991,0.99,0.703
147,0.533,0.325,0.299,0.225,0.246,0.291,0.232,0.407,0.993,0.989,0.754,0.51,0.297,0.278,0.241,0.238,0.232,0.214,0.348,0.993,0.992,0.704
148,0.538,0.316,0.311,0.228,0.26,0.289,0.237,0.421,0.992,0.99,0.762,0.521,0.296,0.285,0.244,0.239,0.236,0.222,0.361,0.993,0.992,0.719
149,0.54,0.335,0.317,0.232,0.255,0.305,0.247,0.424,0.994,0.992,0.768,0.525,0.299,0.293,0.245,0.242,0.24,0.233,0.365,0.993,0.991,0.731
150,0.54,0.337,0.323,0.24,0.263,0.311,0.248,0.428,0.993,0.991,0.782,0.529,0.302,0.299,0.252,0.253,0.249,0.235,0.367,0.994,0.994,0.731
151,0.552,0.338,0.333,0.24,0.262,0.313,0.248,0.428,0.993,0.991,0.79,0.538,0.302,0.3,0.255,0.245,0.249,0.239,0.378,0.997,0.995,0.742
152,0.553,0.347,0.328,0.242,0.265,0.31,0.249,0.428,0.993,0.991,0.794,0.538,0.31,0.305,0.26,0.254,0.261,0.243,0.38,0.999,0.997,0.752
153,0.566,0.351,0.332,0.253,0.277,0.311,0.251,0.426,0.994,0.993,0.795,0.546,0.312,0.312,0.263,0.266,0.26,0.246,0.382,0.997,0.996,0.75
154,0.562,0.356,0.344,0.253,0.285,0.314,0.259,0.429,0.994,0.993,0.813,0.558,0.315,0.315,0.26,0.272,0.262,0.257,0.378,0.999,0.996,0.754
155,0.563,0.365,0.345,0.248,0.292,0.321,0.262,0.435,0.993,0.992,0.816,0.559,0.325,0.321,0.263,0.277,0.267,0.267,0.387,0.997,0.994,0.767
156,0.586,0.361,0.356,0.248,0.299,0.324,0.269,0.445,0.992,0.993,0.812,0.557,0.331,0.327,0.266,0.284,0.268,0.269,0.394,0.999,0.996,0.781
157,0.585,0.365,0.366,0.252,0.303,0.325,0.27,0.45,0.994,0.994,0.833,0.558,0.332,0.323,0.263,0.273,0.274,0.273,0.401,0.998,0.996,0.781
158,0.598,0.365,0.367,0.251,0.311,0.327,0.272,0.458,0.995,0.993,0.831,0.568,0.337,0.326,0.269,0.275,0.276,0.278,0.404,0.999,0.997,0.789
159,0.605,0.368,0.365,0.262,0.306,0.331,0.28,0.463,0.995,0.994,0.839,0.581,0.346,0.332,0.275,0.281,0.278,0.278,0.402,0.999,0.998,0.796
160,0.611,0.369,0.367,0.267,0.306,0.338,0.286,0.467,0.995,0.995,0.844,0.576,0.348,0.332,0.264,0.284,0.291,0.281,0.406,0.999,0.998,0.801
161,0.605,0.369,0.382,0.272,0.318,0.338,0.292,0.472,0.996,0.996,0.847,0.582,0.355,0.344,0.278,0.294,0.292,0.287,0.413,0.999,0.998,0.818
162,0.617,0.376,0.387,0.279,0.308,0.341,0.292,0.479,0.996,0.996,0.842,0.578,0.361,0.345,0.285,0.298,0.296,0.288,0.43,0.999,0.998,0.824
163,0.624,0.379,0.398,0.277,0.321,0.336,0.294,0.484,0.995,0.996,0.847,0.582,0.356,0.357,0.288,0.304,0.301,0.29,0.428,1.0,0.999,0.824
164,0.626,0.386,0.401,0.29,0.333,0.341,0.309,0.496,0.996,0.996,0.857,0.591,0.363,0.359,0.297,0.31,0.31,0.295,0.434,1.0,1.0,0.823
165,0.626,0.39,0.4,0.294,0.335,0.338,0.312,0.497,0.995,0.997,0.864,0.601,0.365,0.355,0.301,0.316,0.319,0.303,0.447,1.0,1.0,0.835
166,0.634,0.4,0.402,0.307,0.336,0.353,0.31,0.501,0.995,0.996,0.872,0.603,0.373,0.356,0.305,0.321,0.319,0.3,0.453,1.0,1.0,0.844
167,0.643,0.404,0.407,0.308,0.334,0.349,0.309,0.496,0.996,0.997,0.873,0.617,0.367,0.363,0.309,0.318,0.323,0.302,0.452,1.0,1.0,0.838
168,0.646,0.415,0.403,0.31,0.341,0.361,0.323,0.509,0.996,0.997,0.876,0.619,0.373,0.371,0.323,0.315,0.326,0.303,0.453,1.0,1.0,0.851
169,0.65,0.423,0.414,0.314,0.339,0.369,0.328,0.518,0.996,0.997,0.887,0.618,0.386,0.37,0.314,0.312,0.327,0.309,0.459,1.0,1.0,0.859
170,0.65,0.427,0.415,0.315,0.352,0.372,0.335,0.526,0.997,0.998,0.884,0.626,0.395,0.38,0.327,0.318,0.339,0.31,0.465,1.0,0.998,0.861
171,0.657,0.434,0.417,0.324,0.357,0.372,0.334,0.526,0.997,0.998,0.883,0.631,0.397,0.389,0.324,0.33,0.333,0.316,0.466,1.0,0.999,0.864
172,0.672,0.435,0.412,0.334,0.362,0.367,0.332,0.522,0.997,0.997,0.89,0.633,0.403,0.39,0.321,0.338,0.331,0.325,0.47,0.999,0.999,0.872
173,0.678,0.443,0.424,0.337,0.366,0.371,0.337,0.519,0.998,0.998,0.891,0.641,0.402,0.4,0.326,0.348,0.337,0.329,0.468,1.0,1.0,0.875
174,0.674,0.44,0.424,0.338,0.368,0.375,0.346,0.524,0.998,0.997,0.891,0.639,0.412,0.399,0.339,0.341,0.341,0.347,0.482,1.0,1.0,0.887
175,0.682,0.446,0.431,0.339,0.379,0.386,0.355,0.534,0.998,0.997,0.897,0.652,0.421,0.403,0.338,0.348,0.354,0.351,0.487,1.0,1.0,0.892
176,0.688,0.439,0.438,0.342,0.381,0.396,0.358,0.535,0.998,0.997,0.906,0.662,0.422,0.406,0.342,0.356,0.353,0.354,0.494,1.0,1.0,0.894
177,0.699,0.449,0.435,0.349,0.395,0.396,0.367,0.544,0.997,0.997,0.906,0.672,0.426,0.402,0.345,0.346,0.356,0.358,0.497,1.0,1.0,0.904
178,0.699,0.462,0.437,0.351,0.396,0.392,0.361,0.553,0.998,0.999,0.908,0.671,0.435,0.413,0.355,0.348,0.353,0.36,0.498,1.0,1.0,0.904
179,0.708,0.456,0.442,0.349,0.395,0.396,0.369,0.557,0.998,0.998,0.911,0.681,0.439,0.415,0.361,0.359,0.365,0.362,0.505,1.0,1.0,0.909
180,0.714,0.467,0.451,0.363,0.409,0.393,0.368,0.562,0.998,0.998,0.918,0.679,0.448,0.426,0.365,0.357,0.37,0.365,0.514,1.0,1.0,0.915
181,0.715,0.459,0.459,0.368,0.414,0.406,0.374,0.566,1.0,1.0,0.924,0.68,0.447,0.431,0.376,0.349,0.384,0.36,0.515,1.0,1.0,0.917
182,0.72,0.464,0.459,0.372,0.411,0.405,0.391,0.575,0.999,0.999,0.922,0.684,0.448,0.436,0.381,0.364,0.397,0.366,0.52,1.0,1.0,0.915
183,0.728,0.473,0.469,0.373,0.416,0.414,0.391,0.576,1.0,1.0,0.924,0.685,0.456,0.441,0.384,0.371,0.395,0.374,0.519,1.0,1.0,0.914
184,0.731,0.482,0.464,0.38,0.424,0.425,0.389,0.585,1.0,1.0,0.922,0.685,0.457,0.44,0.386,0.379,0.397,0.382,0.524,1.0,1.0,0.921
185,0.733,0.488,0.468,0.384,0.431,0.437,0.39,0.587,1.0,1.0,0.926,0.685,0.454,0.442,0.393,0.379,0.406,0.385,0.524,1.0,1.0,0.926
186,0.738,0.49,0.469,0.388,0.434,0.434,0.398,0.603,1.0,1.0,0.929,0.69,0.467,0.451,0.392,0.392,0.409,0.389,0.53,1.0,1.0,0.929
187,0.739,0.49,0.468,0.396,0.428,0.43,0.403,0.601,1.0,1.0,0.925,0.698,0.469,0.454,0.399,0.401,0.409,0.391,0.532,1.0,1.0,0.93
188,0.735,0.495,0.472,0.401,0.44,0.433,0.411,0.609,1.0,1.0,0.931,0.708,0.472,0.46,0.398,0.394,0.412,0.4,0.534,1.0,1.0,0.932
189,0.752,0.496,0.477,0.409,0.437,0.437,0.412,0.621,1.0,1.0,0.937,0.709,0.474,0.468,0.397,0.394,0.411,0.397,0.54,1.0,1.0,0.937
190,0.755,0.505,0.469,0.405,0.447,0.438,0.417,0.627,1.0,1.0,0.94,0.72,0.483,0.467,0.402,0.398,0.416,0.399,0.551,1.0,1.0,0.936
191,0.76,0.516,0.485,0.413,0.457,0.446,0.415,0.631,0.999,1.0,0.946,0.723,0.493,0.48,0.402,0.41,0.42,0.405,0.548,1.0,1.0,0.939
192,0.762,0.518,0.484,0.415,0.458,0.452,0.419,0.641,1.0,1.0,0.951,0.72,0.496,0.487,0.409,0.411,0.422,0.411,0.55,1.0,1.0,0.939
193,0.767,0.525,0.49,0.423,0.468,0.452,0.435,0.637,1.0,1.0,0.949,0.728,0.506,0.488,0.413,0.416,0.425,0.416,0.56,1.0,1.0,0.939
194,0.782,0.52,0.5,0.428,0.471,0.458,0.433,0.637,1.0,1.0,0.954,0.732,0.5,0.491,0.416,0.419,0.428,0.424,0.556,1.0,1.0,0.94
195,0.772,0.532,0.499,0.438,0.475,0.457,0.442,0.639,1.0,1.0,0.954,0.735,0.509,0.507,0.419,0.431,0.436,0.426,0.56,1.0,1.0,0.943
196,0.775,0.54,0.503,0.44,0.475,0.463,0.45,0.643,1.0,1.0,0.955,0.748,0.508,0.509,0.429,0.422,0.442,0.441,0.565,1.0,1.0,0.946
197,0.789,0.538,0.507,0.439,0.491,0.467,0.447,0.647,1.0,1.0,0.959,0.746,0.51,0.51,0.44,0.431,0.45,0.435,0.57,1.0,1.0,0.947
198,0.795,0.543,0.51,0.445,0.5,0.47,0.447,0.658,1.0,1.0,0.963,0.758,0.514,0.513,0.441,0.435,0.455,0.447,0.576,1.0,1.0,0.948
199,0.793,0.541,0.507,0.447,0.5,0.476,0.442,0.655,1.0,1.0,0.966,0.76,0.522,0.516,0.438,0.449,0.472,0.452,0.583,1.0,1.0,0.95
200,0.793,0.541,0.517,0.452,0.51,0.475,0.449,0.657,1.0,1.0,0.966,0.763,0.524,0.524,0.449,0.457,0.469,0.454,0.583,1.0,1.0,0.957
201,0.802,0.546,0.528,0.458,0.508,0.487,0.459,0.661,1.0,1.0,0.967,0.762,0.527,0.522,0.45,0.452,0.47,0.466,0.6,1.0,1.0,0.956
202,0.81,0.554,0.528,0.445,0.51,0.492,0.456,0.674,1.0,1.0,0.964,0.766,0.534,0.532,0.446,0.456,0.477,0.474,0.604,1.0,1.0,0.961
203,0.806,0.558,0.532,0.457,0.518,0.496,0.465,0.687,1.0,1.0,0.967,0.771,0.54,0.539,0.45,0.459,0.469,0.469,0.606,1.0,1.0,0.96
204,0.814,0.57,0.539,0.456,0.519,0.496,0.467,0.694,1.0,1.0,0.968,0.765,0.552,0.543,0.455,0.463,0.469,0.472,0.611,1.0,1.0,0.964
205,0.816,0.57,0.546,0.455,0.527,0.507,0.478,0.7,1.0,1.0,0.966,0.775,0.549,0.539,0.465,0.467,0.473,0.479,0.61,1.0,1.0,0.963
206,0.813,0.568,0.545,0.467,0.528,0.509,0.485,0.704,1.0,1.0,0.965,0.79,0.554,0.546,0.469,0.475,0.478,0.476,0.617,1.0,1.0,0.962
207,0.814,0.575,0.55,0.474,0.537,0.523,0.486,0.703,1.0,1.0,0.966,0.788,0.561,0.552,0.471,0.468,0.483,0.485,0.618,1.0,1.0,0.967
208,0.822,0.577,0.541,0.469,0.54,0.518,0.491,0.704,1.0,1.0,0.967,0.786,0.563,0.56,0.481,0.481,0.488,0.483,0.626,1.0,1.0,0.967
209,0.824,0.584,0.547,0.476,0.536,0.519,0.492,0.699,1.0,1.0,0.97,0.792,0.562,0.559,0.475,0.484,0.483,0.486,0.629,1.0,1.0,0.966
210,0.825,0.585,0.558,0.48,0.537,0.52,0.493,0.701,1.0,1.0,0.972,0.796,0.569,0.557,0.481,0.499,0.486,0.492,0.628,1.0,1.0,0.964
211,0.827,0.586,0.563,0.489,0.539,0.519,0.497,0.704,1.0,1.0,0.97,0.798,0.582,0.563,0.499,0.5,0.493,0.504,0.635,1.0,1.0,0.967
212,0.825,0.593,0.571,0.5,0.552,0.525,0.499,0.714,1.0,1.0,0.974,0.798,0.576,0.572,0.501,0.501,0.495,0.515,0.642,1.0,1.0,0.97
213,0.828,0.599,0.58,0.497,0.548,0.54,0.492,0.714,1.0,1.0,0.97,0.8,0.587,0.587,0.508,0.51,0.502,0.512,0.652,1.0,1.0,0.972
214,0.831,0.6,0.585,0.495,0.547,0.543,0.5,0.72,1.0,1.0,0.972,0.801,0.597,0.584,0.498,0.519,0.513,0.516,0.649,1.0,1.0,0.974
215,0.839,0.605,0.59,0.505,0.548,0.541,0.499,0.723,1.0,1.0,0.975,0.798,0.604,0.588,0.51,0.513,0.514,0.52,0.648,1.0,1.0,0.975
216,0.837,0.611,0.59,0.511,0.553,0.555,0.505,0.728,1.0,1.0,0.977,0.803,0.603,0.588,0.517,0.514,0.517,0.518,0.667,1.0,1.0,0.972
217,0.843,0.611,0.603,0.509,0.559,0.555,0.508,0.723,1.0,1.0,0.981,0.809,0.608,0.591,0.517,0.517,0.52,0.532,0.674,1.0,1.0,0.976
218,0.848,0.618,0.601,0.514,0.566,0.555,0.52,0.737,1.0,1.0,0.982,0.81,0.607,0.603,0.524,0.515,0.532,0.54,0.676,1.0,1.0,0.975
219,0.856,0.626,0.61,0.521,0.579,0.562,0.514,0.746,1.0,1.0,0.982,0.815,0.615,0.61,0.525,0.52,0.527,0.539,0.679,1.0,1.0,0.972
220,0.854,0.632,0.618,0.523,0.588,0.568,0.522,0.745,1.0,1.0,0.984,0.816,0.622,0.611,0.53,0.524,0.528,0.539,0.682,1.0,1.0,0.973
221,0.866,0.635,0.618,0.528,0.59,0.566,0.516,0.751,1.0,1.0,0.984,0.818,0.618,0.61,0.528,0.528,0.53,0.543,0.684,1.0,1.0,0.972
222,0.869,0.641,0.614,0.531,0.588,0.572,0.528,0.754,1.0,1.0,0.985,0.821,0.629,0.607,0.536,0.54,0.531,0.548,0.686,1.0,1.0,0.978
223,0.866,0.646,0.622,0.53,0.587,0.579,0.531,0.761,1.0,1.0,0.985,0.823,0.634,0.622,0.534,0.544,0.535,0.555,0.686,1.0,1.0,0.981
224,0.875,0.654,0.625,0.534,0.59,0.582,0.537,0.757,1.0,1.0,0.984,0.827,0.633,0.625,0.538,0.543,0.541,0.556,0.688,1.0,1.0,0.983
225,0.872,0.648,0.628,0.546,0.595,0.58,0.536,0.764,1.0,1.0,0.985,0.83,0.641,0.623,0.543,0.548,0.552,0.555,0.691,1.0,1.0,0.982
226,0.87,0.654,0.633,0.547,0.603,0.593,0.548,0.762,1.0,1.0,0.988,0.837,0.642,0.632,0.548,0.558,0.547,0.562,0.697,1.0,1.0,0.981
227,0.873,0.668,0.64,0.553,0.61,0.589,0.549,0.771,1.0,1.0,0.988,0.842,0.646,0.636,0.554,0.57,0.557,0.566,0.704,1.0,1.0,0.983
228,0.879,0.668,0.638,0.553,0.617,0.59,0.557,0.768,1.0,1.0,0.99,0.843,0.646,0.639,0.553,0.576,0.557,0.564,0.703,1.0,1.0,0.987
229,0.882,0.676,0.643,0.545,0.628,0.596,0.568,0.771,1.0,1.0,0.988,0.845,0.652,0.64,0.557,0.579,0.562,0.568,0.714,1.0,1.0,0.987
230,0.883,0.675,0.643,0.56,0.635,0.595,0.566,0.777,1.0,1.0,0.991,0.847,0.654,0.644,0.563,0.577,0.574,0.574,0.71,1.0,1.0,0.988
231,0.887,0.677,0.644,0.559,0.629,0.598,0.57,0.778,1.0,1.0,0.99,0.853,0.655,0.644,0.561,0.587,0.577,0.576,0.718,1.0,1.0,0.991
232,0.888,0.672,0.645,0.56,0.633,0.604,0.578,0.781,1.0,1.0,0.991,0.849,0.663,0.645,0.566,0.58,0.576,0.579,0.721,1.0,1.0,0.991
233,0.896,0.678,0.655,0.57,0.633,0.617,0.582,0.794,1.0,1.0,0.992,0.856,0.667,0.654,0.571,0.582,0.583,0.586,0.726,1.0,1.0,0.992
234,0.894,0.683,0.663,0.573,0.643,0.613,0.59,0.791,1.0,1.0,0.99,0.859,0.672,0.658,0.585,0.576,0.589,0.586,0.727,1.0,1.0,0.993
235,0.893,0.691,0.662,0.578,0.646,0.606,0.593,0.796,1.0,1.0,0.994,0.859,0.666,0.667,0.575,0.594,0.592,0.593,0.724,1.0,1.0,0.993
236,0.892,0.694,0.667,0.579,0.645,0.609,0.595,0.796,1.0,1.0,0.991,0.865,0.677,0.674,0.585,0.592,0.589,0.596,0.739,1.0,1.0,0.993
237,0.899,0.693,0.662,0.583,0.656,0.619,0.602,0.808,1.0,1.0,0.993,0.87,0.681,0.679,0.58,0.589,0.592,0.595,0.737,1.0,1.0,0.994
238,0.901,0.704,0.658,0.59,0.658,0.629,0.599,0.809,1.0,1.0,0.992,0.874,0.682,0.679,0.583,0.596,0.596,0.597,0.745,1.0,1.0,0.993
239,0.898,0.706,0.668,0.599,0.661,0.634,0.596,0.813,1.0,1.0,0.993,0.872,0.685,0.681,0.588,0.604,0.604,0.604,0.754,1.0,1.0,0.993
240,0.901,0.713,0.681,0.597,0.66,0.636,0.599,0.814,1.0,1.0,0.993,0.874,0.684,0.685,0.594,0.611,0.611,0.601,0.757,1.0,1.0,0.993
241,0.905,0.715,0.682,0.589,0.659,0.64,0.605,0.819,1.0,1.0,0.993,0.875,0.688,0.69,0.6,0.612,0.611,0.6,0.759,1.0,1.0,0.994
242,0.907,0.714,0.682,0.595,0.672,0.638,0.61,0.821,1.0,1.0,0.993,0.871,0.697,0.69,0.608,0.611,0.609,0.6,0.756,1.0,1.0,0.993
243,0.912,0.723,0.687,0.599,0.675,0.646,0.613,0.823,1.0,1.0,0.995,0.881,0.706,0.703,0.611,0.617,0.612,0.606,0.769,1.0,1.0,0.994
244,0.909,0.728,0.688,0.598,0.684,0.645,0.611,0.828,1.0,1.0,0.997,0.882,0.711,0.699,0.612,0.626,0.611,0.612,0.772,1.0,1.0,0.996
245,0.915,0.725,0.699,0.607,0.682,0.654,0.619,0.826,1.0,1.0,0.997,0.88,0.709,0.706,0.611,0.626,0.612,0.61,0.776,1.0,1.0,0.997
246,0.912,0.732,0.699,0.6,0.679,0.651,0.628,0.836,1.0,1.0,0.995,0.882,0.717,0.713,0.612,0.626,0.618,0.613,0.776,1.0,1.0,0.995
247,0.913,0.73,0.704,0.602,0.696,0.651,0.636,0.845,1.0,1.0,0.994,0.89,0.719,0.711,0.624,0.629,0.62,0.616,0.781,1.0,1.0,0.996
248,0.918,0.737,0.711,0.609,0.702,0.66,0.638,0.846,1.0,1.0,0.995,0.886,0.721,0.717,0.624,0.63,0.625,0.62,0.783,1.0,1.0,0.997
249,0.915,0.741,0.709,0.612,0.698,0.663,0.633,0.853,1.0,1.0,0.994,0.892,0.718,0.725,0.622,0.633,0.625,0.614,0.788,1.0,1.0,0.996
250,0.918,0.743,0.71,0.623,0.693,0.665,0.641,0.856,1.0,1.0,0.994,0.893,0.723,0.726,0.628,0.634,0.632,0.63,0.788,1.0,1.0,0.997
251,0.923,0.754,0.714,0.624,0.708,0.669,0.649,0.855,1.0,1.0,0.996,0.895,0.728,0.725,0.629,0.638,0.635,0.629,0.785,1.0,1.0,0.997
252,0.921,0.758,0.715,0.63,0.716,0.678,0.641,0.856,1.0,1.0,0.996,0.895,0.721,0.726,0.636,0.651,0.64,0.621,0.795,1.0,1.0,0.997
253,0.925,0.756,0.722,0.629,0.717,0.686,0.649,0.857,1.0,1.0,0.995,0.898,0.728,0.728,0.629,0.657,0.652,0.631,0.793,1.0,1.0,0.997
254,0.927,0.755,0.726,0.632,0.722,0.692,0.65,0.863,1.0,1.0,0.996,0.899,0.727,0.734,0.635,0.654,0.653,0.64,0.802,1.0,1.0,0.999
255,0.928,0.765,0.734,0.64,0.724,0.694,0.656,0.865,1.0,1.0,0.998,0.904,0.732,0.736,0.641,0.656,0.655,0.642,0.812,1.0,1.0,0.998
256,0.931,0.761,0.735,0.65,0.724,0.691,0.662,0.864,1.0,1.0,0.997,0.899,0.742,0.745,0.645,0.657,0.654,0.646,0.814,1.0,1.0,0.998
257,0.927,0.765,0.743,0.652,0.722,0.695,0.662,0.869,1.0,1.0,0.999,0.903,0.744,0.743,0.655,0.662,0.665,0.644,0.813,1.0,1.0,0.998
258,0.927,0.764,0.742,0.65,0.725,0.699,0.67,0.87,1.0,1.0,0.999,0.903,0.743,0.743,0.653,0.667,0.672,0.648,0.818,1.0,1.0,0.999
259,0.934,0.77,0.742,0.651,0.726,0.704,0.677,0.874,1.0,1.0,0.997,0.901,0.743,0.744,0.654,0.672,0.678,0.651,0.817,1.0,1.0,0.999
260,0.934,0.775,0.747,0.656,0.718,0.716,0.682,0.876,1.0,1.0,0.999,0.903,0.749,0.749,0.655,0.67,0.68,0.663,0.817,1.0,1.0,1.0
261,0.938,0.781,0.745,0.667,0.717,0.719,0.68,0.871,1.0,1.0,0.999,0.908,0.751,0.757,0.665,0.67,0.688,0.661,0.819,1.0,1.0,0.999
262,0.928,0.779,0.758,0.677,0.721,0.719,0.68,0.87,1.0,1.0,0.999,0.91,0.754,0.761,0.667,0.681,0.695,0.671,0.818,1.0,1.0,1.0
263,0.932,0.784,0.755,0.682,0.725,0.723,0.688,0.875,1.0,1.0,0.999,0.914,0.755,0.764,0.669,0.676,0.695,0.676,0.827,1.0,1.0,1.0
264,0.93,0.781,0.75,0.686,0.729,0.728,0.694,0.878,1.0,1.0,0.999,0.92,0.764,0.763,0.676,0.677,0.694,0.677,0.83,1.0,1.0,1.0
265,0.934,0.783,0.756,0.693,0.737,0.729,0.694,0.876,1.0,1.0,0.999,0.921,0.77,0.767,0.677,0.674,0.692,0.683,0.828,1.0,1.0,1.0
266,0.933,0.786,0.763,0.684,0.74,0.732,0.699,0.881,1.0,1.0,0.999,0.923,0.77,0.771,0.678,0.674,0.705,0.683,0.828,1.0,1.0,1.0
267,0.933,0.794,0.766,0.696,0.744,0.728,0.699,0.889,1.0,1.0,0.999,0.926,0.781,0.779,0.685,0.678,0.702,0.681,0.834,1.0,1.0,1.0
268,0.933,0.791,0.767,0.697,0.744,0.741,0.697,0.886,1.0,1.0,1.0,0.926,0.782,0.78,0.692,0.684,0.703,0.691,0.841,1.0,1.0,1.0
269,0.932,0.797,0.771,0.705,0.745,0.744,0.699,0.888,1.0,1.0,0.999,0.927,0.781,0.779,0.694,0.694,0.706,0.694,0.844,1.0,1.0,1.0
270,0.937,0.797,0.771,0.711,0.75,0.744,0.701,0.892,1.0,1.0,1.0,0.928,0.783,0.783,0.694,0.692,0.713,0.699,0.842,1.0,1.0,1.0
271,0.935,0.805,0.776,0.713,0.754,0.744,0.704,0.89,1.0,1.0,1.0,0.931,0.785,0.787,0.699,0.699,0.715,0.705,0.843,1.0,1.0,1.0
272,0.944,0.81,0.776,0.718,0.761,0.745,0.716,0.893,1.0,1.0,1.0,0.928,0.79,0.792,0.706,0.702,0.723,0.702,0.849,1.0,1.0,0.999
273,0.942,0.809,0.78,0.728,0.763,0.753,0.718,0.892,1.0,1.0,1.0,0.927,0.788,0.79,0.708,0.705,0.718,0.707,0.849,1.0,1.0,0.999
274,0.943,0.814,0.783,0.731,0.771,0.752,0.714,0.894,1.0,1.0,1.0,0.929,0.792,0.787,0.709,0.712,0.722,0.712,0.856,1.0,1.0,0.998
275,0.944,0.806,0.793,0.731,0.771,0.761,0.712,0.892,1.0,1.0,1.0,0.932,0.799,0.798,0.71,0.716,0.731,0.713,0.859,1.0,1.0,0.998
276,0.945,0.814,0.792,0.736,0.771,0.768,0.712,0.897,1.0,1.0,1.0,0.932,0.795,0.8,0.709,0.72,0.741,0.717,0.864,1.0,1.0,0.999
277,0.945,0.813,0.797,0.738,0.774,0.773,0.723,0.898,1.0,1.0,1.0,0.934,0.793,0.803,0.709,0.722,0.738,0.716,0.87,1.0,1.0,1.0
278,0.945,0.819,0.804,0.737,0.772,0.769,0.729,0.899,1.0,1.0,1.0,0.938,0.799,0.805,0.724,0.723,0.742,0.713,0.87,1.0,1.0,1.0
279,0.948,0.82,0.799,0.747,0.771,0.773,0.73,0.906,1.0,1.0,1.0,0.938,0.802,0.801,0.723,0.733,0.742,0.713,0.876,1.0,1.0,1.0
280,0.956,0.821,0.796,0.751,0.772,0.774,0.733,0.899,1.0,1.0,1.0,0.941,0.806,0.803,0.725,0.735,0.737,0.714,0.868,1.0,1.0,1.0
281,0.955,0.826,0.802,0.75,0.781,0.773,0.739,0.899,1.0,1.0,1.0,0.945,0.806,0.801,0.737,0.738,0.736,0.719,0.877,1.0,1.0,1.0
282,0.955,0.828,0.806,0.753,0.781,0.775,0.745,0.897,1.0,1.0,1.0,0.946,0.812,0.815,0.737,0.748,0.75,0.728,0.877,1.0,1.0,1.0
283,0.96,0.826,0.81,0.758,0.785,0.783,0.75,0.9,1.0,1.0,1.0,0.943,0.812,0.813,0.739,0.746,0.75,0.726,0.872,1.0,1.0,1.0
284,0.959,0.833,0.809,0.756,0.785,0.785,0.754,0.901,1.0,1.0,1.0,0.943,0.813,0.822,0.743,0.749,0.75,0.732,0.877,1.0,1.0,1.0
285,0.961,0.834,0.812,0.767,0.788,0.789,0.763,0.908,1.0,1.0,1.0,0.941,0.822,0.826,0.744,0.752,0.746,0.731,0.876,1.0,1.0,1.0
286,0.965,0.835,0.815,0.77,0.791,0.79,0.768,0.914,1.0,1.0,1.0,0.942,0.822,0.828,0.746,0.75,0.746,0.741,0.88,1.0,1.0,1.0
287,0.967,0.838,0.818,0.781,0.786,0.796,0.769,0.915,1.0,1.0,1.0,0.941,0.826,0.834,0.75,0.75,0.753,0.741,0.884,1.0,1.0,1.0
288,0.969,0.837,0.819,0.783,0.797,0.795,0.772,0.918,1.0,1.0,1.0,0.945,0.822,0.835,0.75,0.753,0.755,0.741,0.885,1.0,1.0,0.999
289,0.969,0.838,0.824,0.775,0.794,0.794,0.775,0.917,1.0,1.0,1.0,0.949,0.823,0.83,0.752,0.762,0.759,0.742,0.885,1.0,1.0,0.999
290,0.968,0.838,0.822,0.779,0.801,0.8,0.772,0.924,1.0,1.0,1.0,0.949,0.827,0.832,0.757,0.762,0.762,0.748,0.884,1.0,1.0,0.999
291,0.968,0.847,0.821,0.781,0.801,0.795,0.77,0.921,1.0,1.0,1.0,0.949,0.825,0.836,0.751,0.765,0.766,0.744,0.888,1.0,1.0,0.999
292,0.968,0.846,0.824,0.777,0.801,0.8,0.772,0.925,1.0,1.0,1.0,0.951,0.827,0.835,0.763,0.767,0.767,0.75,0.882,1.0,1.0,1.0
293,0.965,0.848,0.822,0.781,0.807,0.808,0.773,0.927,1.0,1.0,1.0,0.957,0.824,0.838,0.763,0.765,0.77,0.753,0.885,1.0,1.0,0.999
294,0.971,0.851,0.83,0.787,0.809,0.809,0.781,0.929,1.0,1.0,1.0,0.959,0.821,0.839,0.76,0.766,0.78,0.755,0.891,1.0,1.0,1.0
295,0.973,0.855,0.837,0.791,0.812,0.806,0.777,0.926,1.0,1.0,1.0,0.96,0.824,0.837,0.77,0.776,0.781,0.758,0.893,1.0,1.0,1.0
296,0.971,0.854,0.837,0.792,0.81,0.81,0.783,0.931,1.0,1.0,1.0,0.961,0.827,0.837,0.77,0.776,0.785,0.76,0.892,1.0,1.0,1.0
297,0.971,0.852,0.84,0.794,0.811,0.815,0.786,0.931,1.0,1.0,1.0,0.96,0.833,0.85,0.771,0.772,0.783,0.763,0.898,1.0,1.0,0.999
298,0.971,0.857,0.84,0.797,0.809,0.819,0.784,0.934,1.0,1.0,1.0,0.96,0.836,0.848,0.777,0.774,0.793,0.768,0.904,1.0,1.0,1.0
299,0.972,0.862,0.843,0.799,0.814,0.826,0.784,0.936,1.0,1.0,1.0,0.959,0.835,0.852,0.78,0.78,0.8,0.763,0.903,1.0,1.0,1.0
300,0.975,0.863,0.846,0.801,0.814,0.819,0.788,0.937,1.0,1.0,1.0,0.963,0.837,0.856,0.779,0.78,0.802,0.766,0.906,1.0,1.0,1.0
301,0.975,0.868,0.847,0.808,0.818,0.819,0.797,0.935,1.0,1.0,1.0,0.959,0.837,0.858,0.783,0.783,0.806,0.771,0.905,1.0,1.0,1.0
302,0.978,0.872,0.847,0.81,0.823,0.828,0.798,0.936,1.0,1.0,1.0,0.964,0.844,0.86,0.789,0.788,0.811,0.777,0.907,1.0,1.0,1.0
303,0.976,0.869,0.845,0.814,0.828,0.832,0.802,0.937,1.0,1.0,1.0,0.962,0.849,0.865,0.782,0.789,0.812,0.775,0.91,1.0,1.0,1.0
304,0.976,0.873,0.852,0.811,0.826,0.834,0.812,0.935,1.0,1.0,1.0,0.96,0.855,0.864,0.786,0.795,0.809,0.777,0.907,1.0,1.0,1.0
305,0.972,0.871,0.849,0.82,0.833,0.837,0.808,0.945,1.0,1.0,1.0,0.959,0.855,0.87,0.786,0.795,0.816,0.781,0.911,1.0,1.0,1.0
306,0.975,0.87,0.854,0.815,0.831,0.839,0.813,0.939,1.0,1.0,1.0,0.961,0.861,0.87,0.794,0.795,0.815,0.781,0.911,1.0,1.0,1.0
307,0.973,0.869,0.86,0.823,0.834,0.842,0.818,0.939,1.0,1.0,1.0,0.961,0.865,0.868,0.802,0.8,0.815,0.785,0.914,1.0,1.0,1.0
308,0.974,0.87,0.865,0.821,0.843,0.844,0.821,0.938,1.0,1.0,1.0,0.961,0.864,0.87,0.805,0.806,0.812,0.788,0.921,1.0,1.0,1.0
309,0.975,0.879,0.869,0.823,0.846,0.852,0.825,0.942,1.0,1.0,1.0,0.96,0.863,0.882,0.807,0.806,0.81,0.791,0.918,1.0,1.0,1.0
310,0.976,0.881,0.868,0.821,0.848,0.85,0.823,0.944,1.0,1.0,1.0,0.962,0.865,0.874,0.813,0.807,0.815,0.791,0.918,1.0,1.0,1.0
311,0.979,0.885,0.871,0.831,0.845,0.849,0.824,0.94,1.0,1.0,1.0,0.964,0.863,0.874,0.815,0.807,0.816,0.794,0.918,1.0,1.0,1.0
312,0.979,0.883,0.872,0.832,0.85,0.852,0.825,0.947,1.0,1.0,1.0,0.961,0.866,0.875,0.818,0.806,0.818,0.799,0.921,1.0,1.0,1.0
313,0.98,0.889,0.875,0.838,0.848,0.855,0.83,0.949,1.0,1.0,1.0,0.965,0.87,0.882,0.816,0.812,0.818,0.797,0.923,1.0,1.0,1.0
314,0.976,0.884,0.873,0.841,0.855,0.86,0.838,0.947,1.0,1.0,1.0,0.965,0.871,0.886,0.82,0.818,0.823,0.803,0.923,1.0,1.0,1.0
315,0.981,0.886,0.877,0.833,0.861,0.867,0.836,0.954,1.0,1.0,1.0,0.967,0.881,0.887,0.828,0.817,0.83,0.8,0.925,1.0,1.0,1.0
316,0.981,0.888,0.882,0.84,0.857,0.865,0.841,0.952,1.0,1.0,1.0,0.969,0.882,0.889,0.832,0.824,0.832,0.798,0.926,1.0,1.0,1.0
317,0.983,0.894,0.882,0.848,0.861,0.869,0.843,0.955,1.0,1.0,1.0,0.966,0.882,0.892,0.834,0.822,0.827,0.802,0.929,1.0,1.0,1.0
318,0.982,0.891,0.883,0.851,0.865,0.867,0.848,0.954,1.0,1.0,1.0,0.968,0.891,0.89,0.837,0.823,0.832,0.805,0.928,1.0,1.0,1.0
319,0.984,0.891,0.883,0.852,0.866,0.871,0.853,0.957,1.0,1.0,1.0,0.971,0.887,0.894,0.84,0.828,0.838,0.802,0.926,1.0,1.0,1.0
320,0.985,0.89,0.89,0.847,0.867,0.868,0.85,0.959,1.0,1.0,1.0,0.967,0.884,0.89,0.841,0.831,0.842,0.805,0.933,1.0,1.0,1.0
321,0.986,0.892,0.892,0.855,0.867,0.87,0.847,0.96,1.0,1.0,1.0,0.969,0.891,0.892,0.843,0.831,0.848,0.807,0.935,1.0,1.0,1.0
322,0.986,0.899,0.89,0.859,0.862,0.87,0.852,0.959,1.0,1.0,1.0,0.967,0.895,0.893,0.85,0.836,0.847,0.804,0.935,1.0,1.0,1.0
323,0.985,0.897,0.89,0.866,0.871,0.876,0.852,0.959,1.0,1.0,1.0,0.969,0.895,0.892,0.843,0.835,0.854,0.81,0.933,1.0,1.0,1.0
324,0.986,0.9,0.891,0.86,0.871,0.881,0.852,0.96,1.0,1.0,1.0,0.968,0.894,0.895,0.843,0.838,0.856,0.806,0.937,1.0,1.0,1.0
325,0.987,0.898,0.895,0.862,0.874,0.882,0.852,0.964,1.0,1.0,1.0,0.969,0.9,0.899,0.846,0.848,0.854,0.801,0.934,1.0,1.0,1.0
326,0.986,0.897,0.898,0.863,0.877,0.885,0.861,0.965,1.0,1.0,1.0,0.969,0.9,0.898,0.846,0.842,0.856,0.808,0.934,1.0,1.0,1.0
327,0.986,0.897,0.899,0.862,0.876,0.884,0.859,0.965,1.0,1.0,1.0,0.97,0.905,0.902,0.847,0.848,0.859,0.811,0.933,1.0,1.0,1.0
328,0.986,0.9,0.897,0.865,0.886,0.883,0.862,0.968,1.0,1.0,1.0,0.972,0.902,0.899,0.854,0.847,0.866,0.822,0.933,1.0,1.0,1.0
329,0.987,0.903,0.898,0.868,0.887,0.887,0.865,0.967,1.0,1.0,1.0,0.974,0.907,0.899,0.853,0.857,0.86,0.821,0.936,1.0,1.0,1.0
330,0.987,0.904,0.901,0.871,0.885,0.891,0.864,0.964,1.0,1.0,1.0,0.974,0.905,0.903,0.855,0.856,0.863,0.826,0.936,1.0,1.0,1.0
331,0.987,0.902,0.901,0.87,0.889,0.891,0.865,0.967,1.0,1.0,1.0,0.973,0.905,0.903,0.857,0.86,0.863,0.831,0.939,1.0,1.0,1.0
332,0.987,0.905,0.899,0.874,0.888,0.894,0.872,0.97,1.0,1.0,1.0,0.972,0.908,0.908,0.857,0.859,0.859,0.83,0.942,1.0,1.0,1.0
333,0.989,0.911,0.903,0.877,0.893,0.893,0.873,0.967,1.0,1.0,1.0,0.971,0.908,0.909,0.862,0.856,0.866,0.827,0.945,1.0,1.0,1.0
334,0.99,0.912,0.901,0.874,0.89,0.894,0.874,0.966,1.0,1.0,1.0,0.974,0.909,0.913,0.866,0.856,0.868,0.831,0.946,1.0,1.0,1.0
335,0.993,0.919,0.898,0.88,0.894,0.894,0.87,0.967,1.0,1.0,1.0,0.972,0.911,0.914,0.861,0.855,0.868,0.832,0.95,1.0,1.0,1.0
336,0.992,0.918,0.902,0.881,0.895,0.896,0.869,0.972,1.0,1.0,1.0,0.975,0.912,0.921,0.865,0.852,0.867,0.833,0.947,1.0,1.0,1.0
337,0.992,0.922,0.896,0.883,0.898,0.897,0.874,0.972,1.0,1.0,1.0,0.978,0.913,0.922,0.862,0.858,0.872,0.836,0.943,1.0,1.0,1.0
338,0.991,0.924,0.897,0.884,0.895,0.899,0.875,0.974,1.0,1.0,1.0,0.981,0.918,0.922,0.869,0.86,0.881,0.833,0.945,1.0,1.0,1.0
339,0.991,0.924,0.902,0.887,0.894,0.901,0.876,0.973,1.0,1.0,1.0,0.982,0.917,0.925,0.868,0.867,0.879,0.833,0.947,1.0,1.0,1.0
340,0.992,0.927,0.905,0.889,0.895,0.898,0.881,0.972,1.0,1.0,1.0,0.983,0.924,0.924,0.868,0.87,0.879,0.836,0.948,1.0,1.0,1.0
341,0.992,0.925,0.908,0.896,0.896,0.897,0.887,0.974,1.0,1.0,1.0,0.984,0.923,0.928,0.868,0.868,0.884,0.838,0.947,1.0,1.0,1.0
342,0.99,0.924,0.91,0.895,0.901,0.895,0.887,0.973,1.0,1.0,1.0,0.984,0.925,0.932,0.864,0.877,0.886,0.843,0.95,1.0,1.0,1.0
343,0.991,0.924,0.913,0.892,0.901,0.898,0.887,0.973,1.0,1.0,1.0,0.984,0.921,0.929,0.864,0.877,0.884,0.847,0.95,1.0,1.0,1.0
344,0.991,0.929,0.914,0.896,0.9,0.904,0.886,0.975,1.0,1.0,1.0,0.983,0.919,0.931,0.87,0.879,0.888,0.847,0.952,1.0,1.0,1.0
345,0.992,0.927,0.914,0.894,0.905,0.903,0.888,0.977,1.0,1.0,1.0,0.981,0.922,0.93,0.873,0.884,0.89,0.847,0.952,1.0,1.0,1.0
346,0.993,0.927,0.919,0.897,0.905,0.912,0.89,0.978,1.0,1.0,1.0,0.984,0.924,0.928,0.883,0.878,0.891,0.85,0.947,1.0,1.0,1.0
347,0.994,0.927,0.914,0.896,0.906,0.915,0.89,0.979,1.0,1.0,1.0,0.982,0.924,0.93,0.879,0.876,0.891,0.853,0.949,1.0,1.0,1.0
348,0.993,0.929,0.919,0.903,0.908,0.918,0.897,0.98,1.0,1.0,1.0,0.979,0.926,0.934,0.881,0.879,0.891,0.849,0.952,1.0,1.0,1.0
349,0.994,0.93,0.92,0.903,0.908,0.921,0.9,0.98,1.0,1.0,1.0,0.98,0.926,0.933,0.877,0.881,0.891,0.857,0.953,1.0,1.0,1.0
350,0.993,0.928,0.921,0.908,0.912,0.919,0.896,0.979,1.0,1.0,1.0,0.982,0.93,0.936,0.885,0.884,0.894,0.855,0.95,1.0,1.0,1.0
351,0.994,0.928,0.928,0.901,0.914,0.913,0.893,0.977,1.0,1.0,1.0,0.981,0.928,0.936,0.887,0.886,0.893,0.858,0.955,1.0,1.0,1.0
352,0.994,0.93,0.927,0.902,0.912,0.915,0.897,0.978,1.0,1.0,1.0,0.982,0.931,0.936,0.89,0.892,0.895,0.857,0.953,1.0,1.0,1.0
353,0.992,0.929,0.928,0.902,0.911,0.921,0.904,0.977,1.0,1.0,1.0,0.984,0.93,0.936,0.891,0.894,0.896,0.858,0.957,1.0,1.0,1.0
354,0.994,0.931,0.925,0.902,0.913,0.923,0.903,0.978,1.0,1.0,1.0,0.984,0.932,0.939,0.894,0.893,0.896,0.861,0.957,1.0,1.0,1.0
355,0.994,0.931,0.93,0.902,0.914,0.922,0.903,0.979,1.0,1.0,1.0,0.983,0.934,0.938,0.896,0.903,0.898,0.868,0.958,1.0,1.0,1.0
356,0.996,0.932,0.929,0.902,0.92,0.927,0.904,0.979,1.0,1.0,1.0,0.985,0.936,0.937,0.893,0.901,0.902,0.87,0.959,1.0,1.0,1.0
357,0.996,0.932,0.93,0.906,0.922,0.925,0.905,0.977,1.0,1.0,1.0,0.986,0.934,0.942,0.891,0.902,0.903,0.869,0.957,1.0,1.0,1.0
358,0.996,0.933,0.929,0.904,0.921,0.924,0.913,0.978,1.0,1.0,1.0,0.986,0.936,0.941,0.89,0.905,0.903,0.869,0.957,1.0,1.0,1.0
359,0.994,0.935,0.932,0.907,0.922,0.929,0.912,0.978,1.0,1.0,1.0,0.986,0.937,0.944,0.896,0.901,0.906,0.877,0.96,1.0,1.0,1.0
360,0.993,0.935,0.933,0.907,0.923,0.925,0.91,0.978,1.0,1.0,1.0,0.987,0.938,0.944,0.9,0.909,0.906,0.878,0.963,1.0,1.0,1.0
361,0.993,0.935,0.932,0.904,0.922,0.931,0.914,0.977,1.0,1.0,1.0,0.989,0.938,0.947,0.897,0.909,0.906,0.883,0.962,1.0,1.0,1.0
362,0.995,0.933,0.929,0.904,0.923,0.934,0.919,0.978,1.0,1.0,1.0,0.988,0.937,0.947,0.901,0.912,0.908,0.874,0.962,1.0,1.0,1.0
363,0.995,0.934,0.93,0.904,0.929,0.937,0.918,0.978,1.0,1.0,1.0,0.989,0.937,0.945,0.904,0.913,0.914,0.879,0.96,1.0,1.0,1.0
364,0.995,0.936,0.937,0.908,0.926,0.933,0.916,0.979,1.0,1.0,1.0,0.99,0.937,0.949,0.901,0.912,0.919,0.883,0.961,1.0,1.0,1.0
365,0.995,0.941,0.933,0.909,0.926,0.933,0.916,0.978,1.0,1.0,1.0,0.988,0.937,0.951,0.902,0.913,0.921,0.878,0.961,1.0,1.0,1.0
366,0.994,0.94,0.937,0.909,0.919,0.931,0.921,0.977,1.0,1.0,1.0,0.988,0.938,0.953,0.902,0.914,0.922,0.88,0.963,1.0,1.0,1.0
367,0.994,0.942,0.935,0.917,0.925,0.935,0.923,0.979,1.0,1.0,1.0,0.989,0.937,0.953,0.906,0.914,0.922,0.877,0.965,1.0,1.0,1.0
368,0.994,0.944,0.938,0.913,0.928,0.934,0.923,0.981,1.0,1.0,1.0,0.989,0.937,0.951,0.909,0.915,0.916,0.879,0.963,1.0,1.0,1.0
369,0.994,0.947,0.941,0.921,0.929,0.933,0.926,0.982,1.0,1.0,1.0,0.987,0.938,0.952,0.909,0.919,0.919,0.88,0.964,1.0,1.0,1.0
370,0.994,0.949,0.942,0.924,0.93,0.943,0.923,0.981,1.0,1.0,1.0,0.988,0.943,0.953,0.907,0.919,0.925,0.879,0.964,1.0,1.0,1.0
371,0.995,0.949,0.944,0.926,0.934,0.941,0.929,0.985,1.0,1.0,1.0,0.989,0.944,0.956,0.911,0.923,0.92,0.88,0.967,1.0,1.0,1.0
372,0.994,0.952,0.942,0.924,0.936,0.942,0.928,0.986,1.0,1.0,1.0,0.989,0.947,0.952,0.91,0.926,0.925,0.881,0.968,1.0,1.0,1.0
373,0.996,0.953,0.945,0.923,0.935,0.943,0.929,0.985,1.0,1.0,1.0,0.989,0.945,0.951,0.914,0.925,0.929,0.886,0.97,1.0,1.0,1.0
374,0.995,0.953,0.949,0.928,0.936,0.943,0.928,0.984,1.0,1.0,1.0,0.99,0.944,0.956,0.917,0.929,0.926,0.887,0.969,1.0,1.0,1.0
375,0.996,0.952,0.945,0.931,0.941,0.944,0.929,0.984,1.0,1.0,1.0,0.992,0.942,0.956,0.918,0.926,0.926,0.886,0.972,1.0,1.0,1.0
376,0.996,0.955,0.945,0.929,0.94,0.943,0.927,0.983,1.0,1.0,1.0,0.99,0.946,0.961,0.921,0.924,0.928,0.887,0.974,1.0,1.0,1.0
377,0.996,0.959,0.95,0.93,0.943,0.944,0.934,0.982,1.0,1.0,1.0,0.991,0.95,0.962,0.921,0.935,0.928,0.892,0.973,1.0,1.0,1.0
378,0.996,0.96,0.95,0.932,0.941,0.946,0.933,0.984,1.0,1.0,1.0,0.99,0.947,0.961,0.921,0.933,0.929,0.896,0.973,1.0,1.0,1.0
379,0.996,0.959,0.952,0.929,0.942,0.948,0.932,0.983,1.0,1.0,1.0,0.991,0.947,0.962,0.921,0.934,0.926,0.901,0.973,1.0,1.0,1.0
380,0.997,0.961,0.957,0.934,0.939,0.953,0.934,0.984,1.0,1.0,1.0,0.991,0.948,0.964,0.92,0.937,0.933,0.9,0.974,1.0,1.0,1.0
381,0.997,0.962,0.956,0.935,0.941,0.954,0.933,0.984,1.0,1.0,1.0,0.989,0.952,0.963,0.92,0.941,0.932,0.902,0.974,1.0,1.0,1.0
382,0.997,0.966,0.954,0.934,0.941,0.955,0.935,0.987,1.0,1.0,1.0,0.989,0.95,0.962,0.922,0.938,0.931,0.9,0.975,1.0,1.0,1.0
383,0.998,0.968,0.959,0.934,0.942,0.952,0.934,0.987,1.0,1.0,1.0,0.989,0.951,0.964,0.924,0.936,0.927,0.903,0.975,1.0,1.0,1.0
384,0.998,0.968,0.961,0.938,0.942,0.954,0.936,0.986,1.0,1.0,1.0,0.989,0.952,0.964,0.924,0.933,0.928,0.902,0.975,1.0,1.0,1.0
385,0.997,0.968,0.964,0.935,0.942,0.953,0.938,0.987,1.0,1.0,1.0,0.992,0.953,0.961,0.925,0.932,0.929,0.905,0.978,1.0,1.0,1.0
386,0.998,0.968,0.964,0.938,0.94,0.953,0.936,0.988,1.0,1.0,1.0,0.991,0.952,0.964,0.927,0.931,0.929,0.907,0.979,1.0,1.0,1.0
387,0.998,0.968,0.963,0.934,0.942,0.953,0.937,0.989,1.0,1.0,1.0,0.991,0.953,0.963,0.922,0.935,0.929,0.905,0.978,1.0,1.0,1.0
388,0.998,0.97,0.963,0.938,0.941,0.953,0.936,0.991,1.0,1.0,1.0,0.991,0.954,0.967,0.926,0.94,0.933,0.905,0.977,1.0,1.0,1.0
389,0.999,0.972,0.963,0.939,0.943,0.956,0.939,0.992,1.0,1.0,1.0,0.991,0.956,0.965,0.931,0.94,0.933,0.907,0.979,1.0,1.0,1.0
390,0.998,0.973,0.964,0.942,0.945,0.958,0.936,0.99,1.0,1.0,1.0,0.994,0.954,0.963,0.932,0.942,0.93,0.91,0.978,1.0,1.0,1.0
391,0.998,0.973,0.963,0.937,0.944,0.956,0.937,0.99,1.0,1.0,1.0,0.992,0.955,0.965,0.932,0.943,0.934,0.911,0.976,1.0,1.0,1.0
392,0.998,0.972,0.966,0.938,0.947,0.957,0.939,0.991,1.0,1.0,1.0,0.992,0.955,0.966,0.935,0.946,0.934,0.908,0.978,1.0,1.0,1.0
393,0.998,0.974,0.965,0.937,0.948,0.958,0.936,0.991,1.0,1.0,1.0,0.992,0.955,0.966,0.939,0.947,0.934,0.908,0.979,1.0,1.0,1.0
394,0.997,0.977,0.969,0.937,0.948,0.961,0.941,0.991,1.0,1.0,1.0,0.992,0.956,0.97,0.94,0.948,0.938,0.91,0.977,1.0,1.0,1.0
395,0.997,0.978,0.966,0.939,0.948,0.96,0.939,0.992,1.0,1.0,1.0,0.99,0.956,0.969,0.932,0.944,0.942,0.914,0.977,1.0,1.0,1.0
396,0.998,0.975,0.969,0.942,0.947,0.957,0.941,0.992,1.0,1.0,1.0,0.994,0.956,0.966,0.935,0.943,0.939,0.916,0.98,1.0,1.0,1.0
397,0.997,0.974,0.968,0.947,0.949,0.957,0.941,0.991,1.0,1.0,1.0,0.993,0.955,0.966,0.942,0.946,0.942,0.921,0.984,1.0,1.0,1.0
398,0.998,0.974,0.969,0.949,0.946,0.958,0.944,0.991,1.0,1.0,1.0,0.992,0.954,0.966,0.946,0.947,0.942,0.92,0.985,1.0,1.0,1.0
399,0.998,0.976,0.967,0.951,0.949,0.957,0.941,0.993,1.0,1.0,1.0,0.995,0.959,0.967,0.95,0.948,0.943,0.919,0.985,1.0,1.0,1.0
400,0.998,0.977,0.97,0.955,0.946,0.956,0.944,0.993,1.0,1.0,1.0,0.994,0.961,0.968,0.953,0.948,0.942,0.921,0.986,1.0,1.0,1.0
401,0.999,0.98,0.971,0.952,0.949,0.959,0.944,0.993,1.0,1.0,1.0,0.992,0.957,0.971,0.951,0.95,0.943,0.923,0.985,1.0,1.0,1.0
402,0.999,0.979,0.972,0.953,0.95,0.959,0.942,0.993,1.0,1.0,1.0,0.992,0.959,0.969,0.954,0.951,0.943,0.927,0.986,1.0,1.0,1.0
403,0.999,0.98,0.971,0.952,0.952,0.959,0.942,0.992,1.0,1.0,1.0,0.993,0.962,0.969,0.952,0.95,0.946,0.924,0.984,1.0,1.0,1.0
404,0.999,0.979,0.972,0.951,0.952,0.957,0.943,0.993,1.0,1.0,1.0,0.994,0.96,0.968,0.949,0.952,0.951,0.926,0.986,1.0,1.0,1.0
405,0.999,0.98,0.973,0.947,0.955,0.963,0.944,0.993,1.0,1.0,1.0,0.994,0.962,0.967,0.948,0.95,0.95,0.927,0.987,1.0,1.0,1.0
406,0.999,0.982,0.974,0.949,0.955,0.965,0.945,0.992,1.0,1.0,1.0,0.994,0.963,0.971,0.951,0.951,0.953,0.929,0.985,1.0,1.0,1.0
407,0.999,0.983,0.976,0.951,0.953,0.966,0.945,0.993,1.0,1.0,1.0,0.992,0.964,0.972,0.951,0.955,0.951,0.929,0.985,1.0,1.0,1.0
408,0.999,0.983,0.979,0.953,0.957,0.965,0.947,0.992,1.0,1.0,1.0,0.992,0.963,0.968,0.952,0.958,0.95,0.925,0.986,1.0,1.0,1.0
409,0.999,0.984,0.977,0.953,0.957,0.966,0.95,0.992,1.0,1.0,1.0,0.993,0.965,0.972,0.954,0.957,0.951,0.93,0.986,1.0,1.0,1.0
410,0.999,0.985,0.975,0.955,0.958,0.966,0.954,0.992,1.0,1.0,1.0,0.993,0.968,0.972,0.951,0.957,0.95,0.932,0.986,1.0,1.0,1.0
411,0.999,0.985,0.978,0.955,0.958,0.967,0.959,0.992,1.0,1.0,1.0,0.992,0.967,0.971,0.95,0.953,0.95,0.93,0.985,1.0,1.0,1.0
412,0.999,0.984,0.978,0.958,0.958,0.965,0.956,0.994,1.0,1.0,1.0,0.993,0.968,0.97,0.949,0.953,0.951,0.926,0.985,1.0,1.0,1.0
413,0.999,0.986,0.978,0.957,0.958,0.968,0.953,0.993,1.0,1.0,1.0,0.993,0.97,0.971,0.953,0.953,0.951,0.933,0.986,1.0,1.0,1.0
414,0.999,0.986,0.979,0.957,0.959,0.966,0.955,0.991,1.0,1.0,1.0,0.993,0.971,0.973,0.954,0.957,0.95,0.937,0.984,1.0,1.0,1.0
415,0.999,0.986,0.978,0.951,0.96,0.967,0.955,0.992,1.0,1.0,1.0,0.993,0.971,0.975,0.956,0.957,0.952,0.937,0.984,1.0,1.0,1.0
416,0.999,0.985,0.98,0.956,0.963,0.967,0.957,0.994,1.0,1.0,1.0,0.993,0.969,0.974,0.958,0.959,0.951,0.936,0.986,1.0,1.0,1.0
417,0.999,0.985,0.979,0.953,0.964,0.968,0.956,0.994,1.0,1.0,1.0,0.993,0.97,0.975,0.959,0.96,0.951,0.943,0.988,1.0,1.0,1.0
418,0.999,0.984,0.98,0.958,0.966,0.966,0.955,0.993,1.0,1.0,1.0,0.993,0.972,0.975,0.959,0.959,0.95,0.943,0.988,1.0,1.0,1.0
419,0.999,0.985,0.979,0.958,0.968,0.968,0.958,0.993,1.0,1.0,1.0,0.993,0.971,0.975,0.957,0.964,0.951,0.942,0.988,1.0,1.0,1.0
420,0.999,0.986,0.979,0.956,0.971,0.969,0.958,0.993,1.0,1.0,1.0,0.994,0.97,0.976,0.958,0.964,0.951,0.94,0.989,1.0,1.0,1.0
421,0.999,0.987,0.979,0.956,0.971,0.972,0.955,0.992,1.0,1.0,1.0,0.994,0.969,0.977,0.958,0.963,0.948,0.943,0.99,1.0,1.0,1.0
422,0.999,0.987,0.982,0.957,0.972,0.972,0.96,0.992,1.0,1.0,1.0,0.994,0.971,0.977,0.957,0.962,0.951,0.942,0.99,1.0,1.0,1.0
423,0.999,0.987,0.982,0.957,0.97,0.973,0.962,0.993,1.0,1.0,1.0,0.994,0.972,0.977,0.958,0.961,0.953,0.943,0.991,1.0,1.0,1.0
424,0.999,0.988,0.981,0.957,0.967,0.975,0.962,0.993,1.0,1.0,1.0,0.994,0.97,0.978,0.961,0.965,0.951,0.941,0.99,1.0,1.0,1.0
425,0.999,0.988,0.981,0.959,0.97,0.973,0.961,0.993,1.0,1.0,1.0,0.994,0.971,0.979,0.96,0.965,0.95,0.944,0.991,1.0,1.0,1.0
426,0.999,0.986,0.984,0.963,0.972,0.973,0.963,0.992,1.0,1.0,1.0,0.994,0.974,0.981,0.959,0.964,0.952,0.946,0.99,1.0,1.0,1.0
427,0.999,0.986,0.984,0.958,0.972,0.975,0.961,0.993,1.0,1.0,1.0,0.994,0.974,0.98,0.96,0.967,0.953,0.948,0.992,1.0,1.0,1.0
428,0.999,0.986,0.984,0.963,0.971,0.973,0.964,0.994,1.0,1.0,1.0,0.994,0.972,0.98,0.961,0.969,0.954,0.946,0.992,1.0,1.0,1.0
429,0.999,0.985,0.985,0.965,0.973,0.976,0.965,0.993,1.0,1.0,1.0,0.994,0.972,0.983,0.966,0.967,0.955,0.946,0.991,1.0,1.0,1.0
430,0.999,0.986,0.986,0.963,0.974,0.976,0.966,0.993,1.0,1.0,1.0,0.994,0.971,0.984,0.965,0.969,0.957,0.951,0.993,1.0,1.0,1.0
431,0.999,0.987,0.985,0.964,0.974,0.974,0.966,0.992,1.0,1.0,1.0,0.994,0.973,0.984,0.965,0.965,0.958,0.949,0.992,1.0,1.0,1.0
432,0.999,0.985,0.986,0.967,0.971,0.975,0.969,0.994,1.0,1.0,1.0,0.995,0.972,0.983,0.969,0.968,0.956,0.951,0.992,1.0,1.0,1.0
433,0.999,0.986,0.987,0.966,0.972,0.976,0.965,0.996,1.0,1.0,1.0,0.995,0.973,0.985,0.971,0.97,0.953,0.95,0.992,1.0,1.0,1.0
434,0.999,0.986,0.985,0.966,0.972,0.978,0.968,0.995,1.0,1.0,1.0,0.995,0.973,0.984,0.97,0.971,0.957,0.95,0.991,1.0,1.0,1.0
435,0.999,0.986,0.984,0.967,0.972,0.977,0.968,0.995,1.0,1.0,1.0,0.995,0.972,0.983,0.97,0.972,0.957,0.947,0.994,1.0,1.0,1.0
436,0.999,0.987,0.984,0.967,0.974,0.979,0.969,0.994,1.0,1.0,1.0,0.995,0.972,0.982,0.968,0.971,0.96,0.951,0.993,1.0,1.0,1.0
437,0.999,0.988,0.985,0.964,0.973,0.979,0.969,0.995,1.0,1.0,1.0,0.995,0.973,0.983,0.967,0.971,0.961,0.949,0.994,1.0,1.0,1.0
438,0.999,0.988,0.982,0.968,0.975,0.976,0.971,0.996,1.0,1.0,1.0,0.995,0.972,0.986,0.967,0.974,0.961,0.952,0.994,1.0,1.0,1.0
439,0.999,0.988,0.983,0.967,0.973,0.977,0.971,0.996,1.0,1.0,1.0,0.995,0.973,0.987,0.966,0.973,0.959,0.955,0.994,1.0,1.0,1.0
440,0.999,0.989,0.985,0.969,0.974,0.977,0.971,0.995,1.0,1.0,1.0,0.995,0.974,0.988,0.967,0.976,0.957,0.953,0.995,1.0,1.0,1.0
441,0.998,0.988,0.989,0.97,0.975,0.979,0.969,0.995,1.0,1.0,1.0,0.996,0.973,0.988,0.969,0.975,0.961,0.953,0.995,1.0,1.0,1.0
442,0.999,0.988,0.988,0.971,0.975,0.979,0.972,0.996,1.0,1.0,1.0,0.996,0.973,0.987,0.969,0.976,0.962,0.957,0.996,1.0,1.0,1.0
443,0.998,0.988,0.986,0.97,0.976,0.979,0.972,0.996,1.0,1.0,1.0,0.996,0.973,0.986,0.97,0.977,0.964,0.959,0.998,1.0,1.0,1.0
444,0.998,0.987,0.988,0.969,0.975,0.979,0.975,0.996,1.0,1.0,1.0,0.995,0.974,0.988,0.968,0.975,0.96,0.958,0.998,1.0,1.0,1.0
445,0.998,0.987,0.987,0.97,0.98,0.978,0.973,0.996,1.0,1.0,1.0,0.994,0.974,0.987,0.969,0.977,0.962,0.956,0.998,1.0,1.0,1.0
446,0.998,0.988,0.986,0.974,0.979,0.979,0.972,0.997,1.0,1.0,1.0,0.995,0.973,0.987,0.968,0.976,0.963,0.957,0.998,1.0,1.0,1.0
447,0.998,0.988,0.988,0.974,0.98,0.978,0.972,0.998,1.0,1.0,1.0,0.994,0.972,0.988,0.97,0.976,0.962,0.96,0.998,1.0,1.0,1.0
448,0.998,0.988,0.989,0.974,0.981,0.98,0.973,0.998,1.0,1.0,1.0,0.994,0.973,0.987,0.97,0.978,0.958,0.961,0.997,1.0,1.0,1.0
449,0.998,0.988,0.987,0.972,0.982,0.981,0.975,0.998,1.0,1.0,1.0,0.995,0.974,0.986,0.97,0.979,0.959,0.964,0.998,1.0,1.0,1.0
450,0.998,0.987,0.988,0.973,0.982,0.98,0.974,0.998,1.0,1.0,1.0,0.995,0.975,0.987,0.971,0.979,0.96,0.965,0.997,1.0,1.0,1.0
451,0.999,0.987,0.991,0.973,0.981,0.983,0.974,0.998,1.0,1.0,1.0,0.996,0.976,0.988,0.97,0.979,0.961,0.963,0.998,1.0,1.0,1.0
452,0.999,0.988,0.992,0.972,0.981,0.981,0.976,0.997,1.0,1.0,1.0,0.995,0.976,0.987,0.971,0.979,0.964,0.963,0.997,1.0,1.0,1.0
453,0.999,0.988,0.992,0.974,0.981,0.984,0.975,0.997,1.0,1.0,1.0,0.995,0.98,0.988,0.97,0.976,0.965,0.964,0.998,1.0,1.0,1.0
454,0.999,0.988,0.992,0.977,0.981,0.983,0.972,0.997,1.0,1.0,1.0,0.995,0.978,0.988,0.969,0.974,0.964,0.963,0.998,1.0,1.0,1.0
455,0.999,0.987,0.993,0.975,0.98,0.984,0.975,0.996,1.0,1.0,1.0,0.995,0.981,0.988,0.971,0.977,0.964,0.962,0.996,1.0,1.0,1.0
456,0.999,0.99,0.993,0.975,0.981,0.984,0.977,0.997,1.0,1.0,1.0,0.996,0.981,0.99,0.971,0.979,0.963,0.963,0.996,1.0,1.0,1.0
457,0.999,0.99,0.992,0.972,0.982,0.984,0.976,0.998,1.0,1.0,1.0,0.996,0.981,0.99,0.971,0.978,0.961,0.969,0.996,1.0,1.0,1.0
458,0.999,0.992,0.991,0.975,0.982,0.985,0.978,0.998,1.0,1.0,1.0,0.996,0.981,0.99,0.973,0.978,0.963,0.968,0.996,1.0,1.0,1.0
459,0.999,0.991,0.99,0.975,0.983,0.984,0.978,0.998,1.0,1.0,1.0,0.997,0.984,0.99,0.973,0.98,0.964,0.969,0.996,1.0,1.0,1.0
460,0.999,0.992,0.99,0.974,0.984,0.985,0.978,0.998,1.0,1.0,1.0,0.996,0.983,0.991,0.973,0.979,0.968,0.971,0.996,1.0,1.0,1.0
461,0.999,0.993,0.991,0.978,0.984,0.986,0.979,0.998,1.0,1.0,1.0,0.996,0.984,0.991,0.973,0.977,0.966,0.972,0.996,1.0,1.0,1.0
462,0.999,0.993,0.99,0.976,0.984,0.985,0.978,0.997,1.0,1.0,1.0,0.997,0.984,0.991,0.974,0.977,0.967,0.97,0.996,1.0,1.0,1.0
463,0.999,0.993,0.99,0.977,0.981,0.987,0.978,0.997,1.0,1.0,1.0,0.997,0.984,0.991,0.973,0.978,0.967,0.968,0.996,1.0,1.0,1.0
464,0.999,0.993,0.991,0.977,0.982,0.988,0.977,0.997,1.0,1.0,1.0,0.997,0.982,0.991,0.974,0.978,0.968,0.97,0.996,1.0,1.0,1.0
465,0.999,0.994,0.992,0.977,0.981,0.988,0.978,0.997,1.0,1.0,1.0,0.997,0.982,0.991,0.974,0.981,0.966,0.97,0.997,1.0,1.0,1.0
466,0.999,0.992,0.992,0.978,0.982,0.986,0.979,0.997,1.0,1.0,1.0,0.997,0.983,0.991,0.975,0.983,0.968,0.969,0.997,1.0,1.0,1.0
467,0.999,0.994,0.992,0.979,0.983,0.989,0.979,0.997,1.0,1.0,1.0,0.997,0.984,0.991,0.976,0.981,0.967,0.971,0.997,1.0,1.0,1.0
468,0.999,0.994,0.993,0.978,0.984,0.986,0.98,0.997,1.0,1.0,1.0,0.997,0.983,0.99,0.977,0.981,0.969,0.975,0.998,1.0,1.0,1.0
469,0.999,0.994,0.993,0.977,0.981,0.987,0.983,0.997,1.0,1.0,1.0,0.997,0.983,0.991,0.977,0.98,0.97,0.978,0.998,1.0,1.0,1.0
470,0.999,0.994,0.996,0.976,0.983,0.988,0.983,0.997,1.0,1.0,1.0,0.997,0.984,0.991,0.975,0.981,0.971,0.978,0.997,1.0,1.0,1.0
471,0.999,0.993,0.994,0.977,0.983,0.989,0.98,0.997,1.0,1.0,1.0,0.997,0.984,0.991,0.975,0.982,0.97,0.981,0.998,1.0,1.0,1.0
472,0.999,0.991,0.996,0.98,0.981,0.989,0.98,0.997,1.0,1.0,1.0,0.997,0.985,0.991,0.974,0.982,0.971,0.979,0.998,1.0,1.0,1.0
473,0.999,0.993,0.995,0.981,0.981,0.988,0.983,0.997,1.0,1.0,1.0,0.997,0.986,0.991,0.976,0.981,0.97,0.977,0.999,1.0,1.0,1.0
474,0.999,0.993,0.995,0.981,0.983,0.99,0.985,0.997,1.0,1.0,1.0,0.997,0.987,0.992,0.976,0.981,0.972,0.974,0.999,1.0,1.0,1.0
475,0.999,0.993,0.995,0.981,0.984,0.989,0.986,0.997,1.0,1.0,1.0,0.997,0.987,0.993,0.975,0.982,0.972,0.976,0.999,1.0,1.0,1.0
476,0.999,0.992,0.996,0.981,0.983,0.99,0.986,0.997,1.0,1.0,1.0,0.997,0.986,0.992,0.975,0.983,0.976,0.977,0.999,1.0,1.0,1.0
477,0.999,0.992,0.996,0.982,0.984,0.991,0.986,0.997,1.0,1.0,1.0,0.996,0.987,0.992,0.976,0.983,0.975,0.978,0.999,1.0,1.0,1.0
478,0.999,0.992,0.995,0.982,0.984,0.988,0.987,0.997,1.0,1.0,1.0,0.996,0.988,0.992,0.977,0.983,0.975,0.979,0.998,1.0,1.0,1.0
479,0.999,0.993,0.995,0.983,0.982,0.99,0.989,0.997,1.0,1.0,1.0,0.998,0.989,0.992,0.976,0.984,0.977,0.98,0.999,1.0,1.0,1.0
480,0.999,0.992,0.997,0.984,0.985,0.992,0.986,0.998,1.0,1.0,1.0,0.997,0.99,0.993,0.978,0.984,0.978,0.979,0.999,1.0,1.0,1.0
481,0.999,0.992,0.997,0.986,0.986,0.991,0.986,0.998,1.0,1.0,1.0,0.997,0.99,0.993,0.978,0.985,0.977,0.979,0.999,1.0,1.0,1.0
482,0.999,0.992,0.996,0.986,0.985,0.992,0.984,0.998,1.0,1.0,1.0,0.997,0.989,0.993,0.978,0.984,0.977,0.979,0.999,1.0,1.0,1.0
483,0.999,0.993,0.997,0.983,0.987,0.991,0.985,0.997,1.0,1.0,1.0,0.997,0.99,0.993,0.975,0.985,0.979,0.978,0.999,1.0,1.0,1.0
484,0.999,0.994,0.996,0.983,0.985,0.99,0.984,0.998,1.0,1.0,1.0,0.997,0.989,0.993,0.975,0.985,0.98,0.978,0.998,1.0,1.0,1.0
485,0.999,0.994,0.998,0.984,0.982,0.989,0.983,0.998,1.0,1.0,1.0,0.998,0.987,0.993,0.974,0.986,0.978,0.978,0.998,1.0,1.0,1.0
486,0.999,0.994,0.997,0.984,0.982,0.99,0.986,0.998,1.0,1.0,1.0,0.998,0.988,0.994,0.978,0.986,0.979,0.976,0.998,1.0,1.0,1.0
487,0.999,0.994,0.996,0.982,0.984,0.989,0.987,0.998,1.0,1.0,1.0,0.998,0.988,0.994,0.978,0.985,0.978,0.98,0.998,1.0,1.0,1.0
488,0.999,0.994,0.995,0.983,0.984,0.991,0.987,0.998,1.0,1.0,1.0,0.998,0.989,0.995,0.979,0.986,0.981,0.98,1.0,1.0,1.0,1.0
489,0.999,0.994,0.996,0.982,0.985,0.99,0.985,0.998,1.0,1.0,1.0,0.999,0.99,0.995,0.979,0.986,0.98,0.979,1.0,1.0,1.0,1.0
490,0.999,0.995,0.996,0.985,0.986,0.988,0.986,0.998,1.0,1.0,1.0,0.999,0.989,0.995,0.98,0.988,0.983,0.981,0.999,1.0,1.0,1.0
491,0.999,0.994,0.996,0.984,0.986,0.991,0.986,0.998,1.0,1.0,1.0,0.999,0.989,0.995,0.977,0.987,0.982,0.982,0.999,1.0,1.0,1.0
492,0.999,0.994,0.997,0.983,0.988,0.991,0.989,0.998,1.0,1.0,1.0,0.999,0.988,0.995,0.978,0.986,0.983,0.983,0.999,1.0,1.0,1.0
493,0.999,0.996,0.997,0.983,0.989,0.993,0.99,0.998,1.0,1.0,1.0,0.999,0.989,0.995,0.978,0.988,0.982,0.984,0.999,1.0,1.0,1.0
494,0.999,0.996,0.997,0.986,0.991,0.994,0.989,0.998,1.0,1.0,1.0,0.999,0.99,0.995,0.98,0.99,0.984,0.983,0.999,1.0,1.0,1.0
495,0.999,0.996,0.996,0.986,0.991,0.994,0.991,0.998,1.0,1.0,1.0,0.998,0.991,0.995,0.983,0.988,0.984,0.983,1.0,1.0,1.0,1.0
496,0.999,0.996,0.996,0.987,0.991,0.993,0.988,0.998,1.0,1.0,1.0,0.999,0.99,0.994,0.979,0.986,0.984,0.984,0.999,1.0,1.0,1.0
497,0.999,0.997,0.996,0.987,0.99,0.994,0.991,0.999,1.0,1.0,1.0,0.998,0.99,0.994,0.98,0.986,0.982,0.983,1.0,1.0,1.0,1.0
498,0.999,0.997,0.996,0.988,0.992,0.996,0.991,0.998,1.0,1.0,1.0,0.999,0.99,0.995,0.979,0.987,0.984,0.985,1.0,1.0,1.0,1.0
499,0.999,0.997,0.997,0.989,0.992,0.997,0.99,0.998,1.0,1.0,1.0,0.999,0.988,0.995,0.979,0.988,0.984,0.986,1.0,1.0,1.0,1.0
